	ACTIVITY	ALogP98	ES_Sum_aaCH	ES_Sum_aasC	ES_Sum_dO	ES_Sum_dsCH	ES_Sum_dssC	ES_Sum_sCH3	ES_Sum_ssCH2	ES_Sum_ssO	ES_Sum_sssCH	ES_Count_aaCH	ES_Count_aasC	ES_Count_dsCH	ES_Count_sCH3	ES_Count_ssCH2	ES_Count_sssCH	LogD	Molecular_Weight	Molecular_Mass	Molecular_Solubility	VSA_TotalArea	Num_Atoms	Num_Bonds	Num_Hydrogens	Num_ExplicitHydrogens	Num_ExplicitAtoms	Num_ExplicitBonds	Num_RingBonds	Num_RotatableBonds	Num_AromaticBonds	Num_Rings	Num_AromaticRings	Num_RingAssemblies	Num_Rings6	Num_Chains	Num_ChainAssemblies	Num_StereoBonds	Num_SingleBonds	Num_DoubleBonds	Num_AliphaticSingleBonds	Num_AliphaticDoubleBonds	Num_AtomClasses	Organic_Count	Molecular_SurfaceArea	Molecular_FractionalPolarSurfaceArea	Molecular_SASA	Molecular_FractionalPolarSASA	Molecular_SAVol	BIC	CIC	E_ADJ_equ	E_ADJ_mag	E_DIST_equ	E_DIST_mag	IAC_Mean	IAC_Total	IC	SIC	V_ADJ_equ	V_ADJ_mag	V_DIST_equ	CHI_0	CHI_1	CHI_2	CHI_3_C	CHI_3_P	CHI_V_0	CHI_V_1	CHI_V_2	CHI_V_3_C	CHI_V_3_P	JX	JY	Wiener	Zagreb	Kappa_1	Kappa_1_AM	Kappa_2	Kappa_2_AM	Kappa_3	Kappa_3_AM	PHI	SC_0	SC_1	SC_2	SC_3_C	SC_3_P
60	0	2.929	0.0	0.0	10.783	0.0	-0.053	4.112	5.377	4.945	0.0	0	0	0	2	6	0	2.929	158.238	158.131	-2.438	227.158	11	10	18	18	29	28	0	7	0	0	0	0	0	20	1	0	9	1	9	1	11	11	186.56	0.14	378.767	0.13	324.022	0.71737	0.97771	72.1928	86.4386	295.43	624.437	1.21701	35.2935	2.48171	0.71737	78.2645	86.4386	376.954	8.52709	5.30806	3.74318	0.28867	2.33195	7.55913	4.46469	2.67757	0.05892	1.46506	2.90884	3.08333	202.0	40	11.0	10.63	8.1	7.73384	7.90123	7.52755	7.4737	11.0	10.0	10.0	1.0	9.0
67	0	4.297	0.0	0.0	11.147	0.0	-0.017	4.315	9.135	5.085	0.0	0	0	0	2	9	0	4.297	200.318	200.178	-3.901	291.337	14	13	24	24	38	37	0	10	0	0	0	0	0	26	1	0	12	1	12	1	14	14	234.46	0.112	453.107	0.109	385.557	0.59646	1.53641	104.676	122.211	564.059	630.919	1.16743	44.3626	2.27094	0.59646	110.675	122.211	678.384	10.6484	6.80806	4.80384	0.28867	3.10095	9.68045	5.96469	3.73823	0.05892	2.24539	3.00788	3.14791	419.0	52	14.0	13.63	11.0769	10.7092	11.0	10.63	10.4261	14.0	13.0	13.0	1.0	12.0
68	0	3.841	0.0	0.0	11.058	0.0	-0.024	4.273	7.806	5.051	0.0	0	0	0	2	8	0	3.841	186.291	186.162	-3.391	269.944	13	12	22	22	35	34	0	9	0	0	0	0	0	24	1	0	11	1	11	1	13	13	218.49	0.12	428.327	0.115	365.045	0.63393	1.35458	93.6032	110.039	463.277	976.293	1.18181	41.3637	2.34585	0.63393	99.6227	110.039	566.431	9.94131	6.30806	4.45028	0.28867	2.85095	8.97335	5.46469	3.38468	0.05892	1.99539	2.99049	3.14245	334.0	48	13.0	12.63	10.0833	9.71598	9.91735	9.54477	9.43945	13.0	12.0	12.0	1.0	11.0
71	0	4.753	0.0	0.0	11.216	0.0	-0.012	4.344	10.504	5.111	0.0	0	0	0	2	10	0	4.753	214.344	214.193	-4.423	312.731	15	14	26	26	41	40	0	11	0	0	0	0	0	28	1	0	13	1	13	1	15	15	250.43	0.105	477.887	0.103	406.069	0.56228	1.71009	115.968	134.606	676.687	630.919	1.15469	47.3425	2.19679	0.56228	121.951	134.606	802.398	11.3555	7.30806	5.15739	0.28867	3.35095	10.3876	6.46469	4.09179	0.05892	2.49539	3.01752	3.14626	518.0	56	15.0	14.63	12.0714	11.7034	11.929	11.5571	11.4147	15.0	14.0	14.0	1.0	13.0
92	0	3.268	18.628	1.574	11.595	0.0	-0.288	0.0	0.314	5.175	0.0	10	2	0	0	1	0	3.268	212.244	212.084	-3.729	240.889	16	17	12	12	28	29	12	4	12	2	2	2	2	14	11	0	10	7	4	1	12	16	207.31	0.126	413.113	0.119	365.973	0.52468	1.59436	172.829	226.477	916.931	630.919	1.29583	36.2834	2.40563	0.6014	144.666	172.974	830.164	11.2173	7.86017	6.45675	0.60649	5.20956	8.7971	5.12184	3.42775	0.24285	2.22224	1.89529	1.96257	496.0	76	12.4567	10.5832	6.66666	5.23586	4.07679	3.03016	3.46327	16.0	17.0	21.0	3.0	25.0
94	0	2.727	9.696	1.034	10.994	0.0	-0.12	1.962	1.736	5.029	0.0	5	1	0	1	3	0	2.727	178.228	178.099	-2.761	223.327	13	13	14	14	27	27	6	5	6	1	1	1	1	16	6	0	9	4	6	1	11	13	189.14	0.139	383.55	0.129	334.741	0.6887	0.88536	114.009	147.207	503.333	630.919	1.29723	35.0252	2.81507	0.76073	104.676	122.211	524.987	9.51866	6.32569	4.97523	0.49279	3.57393	7.82456	4.52182	2.89628	0.17677	1.69677	2.23681	2.33392	290.0	56	11.0769	9.93438	6.45333	5.48785	4.6875	3.85357	4.19373	13.0	13.0	15.0	2.0	16.0
95	0	3.736	19.269	1.966	11.48	3.186	-0.331	0.0	0.304	5.124	0.0	10	2	2	0	1	0	3.736	238.281	238.099	-4.724	275.333	18	19	14	14	32	33	12	5	12	2	2	2	2	16	11	1	11	8	5	2	14	18	235.33	0.111	456.213	0.108	404.71	0.55555	1.52832	198.669	254.084	384.911	630.919	1.27178	40.697	2.6416	0.63348	168.967	199.421	467.0925	12.6315	8.84333	7.26794	0.69692	5.58491	9.9518	5.78252	3.83732	0.26218	2.43535	1.80052	1.85758	745.0	84	14.41	12.2718	8.22684	6.52226	5.68047	4.3094	4.44664	18.0	19.0	23.0	3.0	26.0
101	0	3.64	9.755	1.042	11.268	0.0	-0.091	2.12	4.1	5.135	0.0	5	1	0	1	5	0	3.64	206.281	206.131	-3.701	266.113	15	15	18	18	33	33	6	7	6	1	1	1	1	20	6	0	11	4	8	1	13	15	221.07	0.118	433.11	0.114	375.765	0.70769	0.90065	137.838	172.974	733.395	630.919	1.25153	41.3006	3.00623	0.76947	127.465	147.207	756.176	10.9329	7.32569	5.68234	0.49279	4.09293	9.23878	5.52182	3.60338	0.17677	2.2271	2.10592	2.19034	458.0	64	13.0667	11.9222	8.18685	7.18259	6.22222	5.32798	5.70882	15.0	15.0	17.0	2.0	18.0
102	0	2.733	9.672	1.024	11.093	0.0	-0.15	3.653	0.372	5.05	-0.053	5	1	0	2	1	1	2.734	178.228	178.099	-2.737	223.327	13	13	14	14	27	27	6	4	6	1	1	1	1	17	6	0	9	4	6	1	10	13	190.75	0.137	373.858	0.132	326.279	0.70291	0.82729	118.318	160.0	486.581	630.919	1.29723	35.0252	2.87314	0.77643	104.676	122.211	509.63	9.68179	6.19837	5.30268	0.77315	3.89307	7.9877	4.40453	3.24801	0.45463	1.69532	2.32281	2.42302	280.0	58	11.0769	9.93438	5.67187	4.77363	4.15224	3.38265	3.64793	13.0	13.0	16.0	3.0	17.0
103	0	2.979	9.71	1.032	11.204	0.0	-0.122	4.007	0.874	5.099	0.359	5	1	0	2	2	1	2.979	192.254	192.115	-3.043	244.72	14	14	16	16	30	30	6	5	6	1	1	1	1	19	6	0	10	4	7	1	11	14	206.83	0.127	398.638	0.124	346.791	0.72882	0.7682	130.454	172.974	595.229	630.919	1.2729	38.1872	3.03914	0.79823	115.968	134.606	620.239	10.3889	6.68154	5.8161	0.90104	3.66623	8.6948	4.87766	3.74425	0.58502	1.81756	2.23742	2.33096	356.0	62	12.0714	10.9278	6.4775	5.55289	5.48096	4.61569	4.33435	14.0	14.0	17.0	3.0	17.0
107	0	3.303	19.285	1.985	11.563	0.0	-0.195	0.0	0.666	5.193	0.0	10	2	0	0	2	0	3.303	226.27	226.099	-4.064	262.283	17	18	14	14	31	32	12	5	12	2	2	2	2	16	11	0	11	7	5	1	13	17	223.65	0.117	437.893	0.113	386.484	0.53172	1.61822	185.697	240.215	384.911	630.919	1.27979	39.6737	2.46924	0.6041	156.739	186.117	976.142	11.9244	8.34333	6.92629	0.69692	5.2529	9.50421	5.57894	3.80865	0.29462	2.43393	1.78051	1.84038	612.0	80	13.4321	11.5523	7.43801	5.96692	5.0176	3.85135	4.05481	17.0	18.0	22.0	3.0	25.0
108	0	2.271	9.653	1.027	10.762	0.0	-0.154	1.785	0.819	4.938	0.0	5	1	0	1	2	0	2.271	164.201	164.084	-2.363	201.934	12	12	12	12	24	24	6	4	6	1	1	1	1	14	6	0	8	4	5	1	10	12	173.17	0.151	358.77	0.138	314.23	0.71384	0.72957	102.337	134.606	407.52	982.221	1.32501	31.8003	2.85538	0.79649	93.6032	110.039	427.463	8.81155	5.82569	4.5948	0.49279	3.48938	7.11746	4.02182	2.49983	0.17677	1.53132	2.30777	2.40956	226.0	52	10.0833	8.94216	5.61224	4.67214	4.0	3.20521	3.48159	12.0	12.0	14.0	2.0	15.0
121	0	1.349	0.0	0.0	10.096	0.0	-0.182	3.485	2.623	4.643	0.0	0	0	0	2	3	0	1.349	116.158	116.084	-1.248	162.978	8	7	12	12	20	19	0	4	0	0	0	0	0	14	1	0	6	1	6	1	8	8	138.78	0.189	304.427	0.162	262.487	0.91666	0.25	42.2929	53.303	121.437	253.7	1.29546	25.9092	2.75	0.91666	48.5042	53.303	172.665	6.40577	3.77005	2.88962	0.40824	1.38502	5.43781	2.90403	1.69359	0.08333	0.80321	2.66055	2.87512	79.0	28	8.0	7.63	5.14285	4.78082	7.19999	6.84598	4.55971	8.0	7.0	7.0	1.0	5.0
128	0	2.472	0.0	0.0	10.695	0.0	-0.06	4.05	4.096	4.883	0.0	0	0	0	2	5	0	2.472	144.211	144.115	-1.942	205.764	10	9	16	16	26	25	0	6	0	0	0	0	0	18	1	0	8	1	8	1	10	10	170.6	0.154	353.987	0.139	303.51	0.75917	0.79999	61.9006	75.0586	225.418	481.064	1.2389	32.2114	2.52192	0.75917	68.0077	75.0586	296.527	7.81999	4.80806	3.38962	0.28867	2.08195	6.85202	3.96469	2.32402	0.05892	1.21506	2.90548	3.10027	150.0	36	10.0	9.63	7.11111	6.74587	7.0	6.63	6.49627	10.0	9.0	9.0	1.0	8.0
133	0	5.186	0.0	0.0	11.144	3.495	-0.193	4.297	9.919	5.001	0.0	0	0	2	2	9	0	5.186	226.355	226.193	-5.065	325.781	16	15	26	26	42	41	0	11	0	0	0	0	0	28	1	1	13	2	13	2	16	16	262.37	0.1	496.206	0.099	424.294	0.68028	1.21936	127.465	147.207	802.436	630.919	1.16578	48.9629	2.78063	0.69515	133.433	147.207	939.732	12.0626	7.80806	5.51094	0.28867	3.60095	10.8352	6.64139	4.1263	0.04811	2.47048	3.18636	3.30433	635.0	60	16.0	15.37	13.0667	12.4396	13.0	12.37	11.9498	16.0	15.0	15.0	1.0	14.0
139	0	3.841	0.0	0.0	11.058	0.0	-0.024	4.258	7.849	5.023	0.0	0	0	0	2	8	0	3.841	186.291	186.162	-3.404	269.944	13	12	22	22	35	34	0	9	0	0	0	0	0	24	1	0	11	1	11	1	13	13	218.49	0.12	428.327	0.115	365.045	0.63393	1.35458	93.6032	110.039	463.277	976.293	1.18181	41.3637	2.34585	0.63393	99.6227	110.039	566.431	9.94131	6.30806	4.45028	0.28867	2.85095	8.97334	5.46469	3.38468	0.05892	1.99539	2.99415	3.14125	334.0	48	13.0	12.63	10.0833	9.71598	9.91735	9.54477	9.43945	13.0	12.0	12.0	1.0	11.0
140	0	3.385	0.0	0.0	10.97	0.0	-0.031	4.215	6.521	4.99	0.0	0	0	0	2	7	0	3.385	172.265	172.146	-2.894	248.551	12	11	20	20	32	31	0	8	0	0	0	0	0	22	1	0	10	1	10	1	12	12	202.53	0.129	403.547	0.122	344.534	0.67456	1.16666	82.7686	98.1075	372.711	789.817	1.19819	38.3421	2.41829	0.67456	88.8118	98.1075	464.925	9.2342	5.80806	4.09673	0.28867	2.60095	8.26624	4.96469	3.03113	0.05892	1.74539	2.98084	3.14321	261.0	44	12.0	11.63	9.0909	8.72407	9.0	8.63	8.45508	12.0	11.0	11.0	1.0	10.0
143	0	2.479	0.0	0.0	10.795	0.0	-0.09	5.755	2.622	4.904	0.01	0	0	0	3	3	1	2.479	144.211	144.115	-1.889	205.764	10	9	16	16	26	25	0	5	0	0	0	0	0	19	1	0	8	1	8	1	9	10	172.21	0.152	344.295	0.143	295.048	0.87958	0.39999	65.3143	86.4386	215.262	481.251	1.2389	32.2114	2.92192	0.87958	68.0077	75.0586	286.372	7.98312	4.68073	3.71708	0.56903	2.40109	7.01516	3.8474	2.67575	0.33678	1.21361	3.06871	3.27261	143.0	38	10.0	9.63	5.76	5.4176	5.53086	5.18252	5.21715	10.0	9.0	10.0	2.0	9.0
144	0	2.724	0.0	0.0	10.906	0.0	-0.062	6.109	3.185	4.954	0.406	0	0	0	3	4	1	2.724	158.238	158.131	-2.209	227.158	11	10	18	18	29	28	0	6	0	0	0	0	0	21	1	0	9	1	9	1	10	11	188.29	0.139	369.074	0.134	315.559	0.89488	0.36363	76.0167	98.1075	283.193	625.369	1.21701	35.2935	3.09579	0.89488	78.2645	86.4386	364.717	8.69023	5.1639	4.2305	0.69692	2.17425	7.72227	4.32053	3.17199	0.46717	1.33585	3.08907	3.27461	192.0	42	11.0	10.63	6.69421	6.34718	7.90123	7.52755	6.13369	11.0	10.0	11.0	2.0	9.0
147	0	6.122	0.0	0.0	11.302	0.0	-0.008	4.355	14.901	5.115	0.0	0	0	0	2	13	0	6.122	256.424	256.24	-6.078	376.91	18	17	32	32	50	49	0	14	0	0	0	0	0	34	1	0	16	1	16	1	18	18	298.32	0.088	552.226	0.089	467.604	0.47748	2.17884	151.02	172.974	384.911	630.919	1.12385	56.1928	1.99107	0.47748	156.964	172.974	467.0925	13.4768	8.80805	6.21805	0.28867	4.10095	12.5089	7.96468	5.15245	0.05892	3.24539	3.00595	3.09955	914.0	68	18.0	17.63	15.0588	14.6901	15.0	14.63	14.3882	18.0	17.0	17.0	1.0	16.0
148	0	3.048	9.65	1.008	11.265	0.0	-0.135	2.074	2.922	5.047	0.0	5	1	0	1	4	0	3.048	192.254	192.115	-3.226	244.72	14	14	16	16	30	30	6	6	6	1	1	1	1	18	6	0	10	4	7	1	12	14	205.1	0.128	408.33	0.121	355.253	0.76308	0.62534	125.845	160.0	609.737	630.919	1.2729	38.1872	3.182	0.83575	115.968	134.606	633.014	10.2258	6.82569	5.34069	0.49279	3.76092	8.53167	5.02182	3.23639	0.17677	1.95222	2.20606	2.29484	364.0	60	12.0714	10.9278	7.3125	6.32593	5.48096	4.61569	4.93776	14.0	14.0	16.0	2.0	17.0
150	0	2.016	0.0	0.0	10.464	0.0	-0.094	3.869	3.134	4.792	0.0	0	0	0	2	4	0	2.016	130.185	130.099	-1.535	184.371	9	8	14	14	23	22	0	5	0	0	0	0	0	16	1	0	7	1	7	1	9	9	154.63	0.17	329.207	0.15	282.998	0.85979	0.44444	51.9218	64.0	167.968	357.523	1.26467	29.0875	2.72548	0.85979	58.0739	64.0	228.967	7.11288	4.30806	3.0092	0.28867	1.9974	6.14492	3.46469	1.92757	0.05892	1.04961	2.81611	3.02424	110.0	32	9.0	8.63	6.125	5.76106	5.87755	5.50192	5.52421	9.0	8.0	8.0	1.0	7.0
155	0	2.929	0.0	0.0	10.854	0.0	-0.042	4.151	5.255	4.945	0.0	0	0	0	2	6	0	2.929	158.238	158.131	-2.403	227.158	11	10	18	18	29	28	0	7	0	0	0	0	0	20	1	0	9	1	9	1	11	11	186.56	0.14	378.767	0.13	324.022	0.71737	0.97771	72.1928	86.4386	293.637	624.943	1.21701	35.2935	2.48171	0.71737	78.2645	86.4386	375.161	8.52709	5.30806	3.74318	0.28867	2.35095	7.55913	4.46469	2.67757	0.05892	1.49539	2.95473	3.13342	200.0	40	11.0	10.63	8.1	7.73384	7.90123	7.52755	7.4737	11.0	10.0	10.0	1.0	9.0
181	0	4.204	19.526	2.062	11.484	6.923	-0.342	0.0	0.27	5.072	0.0	10	2	4	0	1	0	4.204	264.318	264.115	-5.691	309.776	20	21	16	16	36	37	12	6	12	2	2	2	2	18	11	2	12	9	6	3	16	20	263.25	0.099	499.312	0.099	443.447	0.57239	1.51323	224.92	282.193	384.911	630.919	1.25162	45.0587	2.80869	0.64987	193.859	226.477	467.0925	14.0458	9.84333	7.97505	0.69692	6.07649	11.1065	6.45923	4.1871	0.24056	2.64312	1.71933	1.76914	269.0	92	16.3719	13.9696	9.84959	7.86983	7.02551	5.38941	5.49693	20.0	21.0	25.0	3.0	28.0
184	0	3.771	19.513	2.07	11.567	3.785	-0.205	0.0	0.625	5.141	0.0	10	2	2	0	2	0	3.771	252.308	252.115	-5.031	296.726	19	20	16	16	35	36	12	6	12	2	2	2	2	18	11	1	12	8	6	2	15	19	251.56	0.104	480.993	0.102	425.222	0.62624	1.23735	211.744	268.078	384.911	630.919	1.25822	44.038	3.01057	0.70871	181.343	212.877	467.0925	13.3386	9.34333	7.6334	0.69692	5.74448	10.6589	6.25565	4.15844	0.273	2.6417	1.70084	1.75226	898.0	88	15.39	13.2466	9.03125	7.29005	6.32098	4.89852	5.08253	19.0	20.0	24.0	3.0	27.0
210	0	1.879	0.0	0.0	10.489	0.0	-0.133	1.48	5.881	5.052	0.227	0	0	0	1	5	1	1.879	142.196	142.099	-1.873	184.176	10	10	14	14	24	24	6	2	0	1	0	1	1	16	6	0	9	1	9	1	8	10	150.83	0.174	330.188	0.149	284.292	0.76499	0.67548	79.504	110.039	245.961	630.919	1.28067	30.7361	2.64643	0.79665	72.1928	86.4386	265.108	7.39734	4.78769	4.13358	0.61237	2.52948	6.42938	3.96044	2.86945	0.20118	1.88482	2.10635	2.21981	126.0	44	8.1	7.73384	4.0	3.7145	3.11111	2.85366	2.87273	10.0	10.0	12.0	2.0	12.0
212	0	3.002	0.0	0.0	11.089	0.0	-0.01	2.002	7.391	5.292	0.233	0	0	0	1	7	1	3.002	170.249	170.131	-2.57	226.963	12	12	18	18	30	30	6	4	0	1	0	1	1	20	6	0	11	1	11	1	10	12	182.65	0.143	379.747	0.13	325.315	0.81667	0.5629	102.337	134.606	401.972	983.508	1.23095	36.9288	3.02205	0.84298	93.6032	110.039	423.798	8.81155	5.82569	4.63358	0.49279	3.24192	7.84359	5.0211	3.49987	0.17677	2.30443	2.07404	2.17747	221.0	52	10.0833	9.71598	5.61224	5.30632	4.0	3.73916	4.29635	12.0	12.0	14.0	2.0	15.0
216	0	2.546	0.0	0.0	10.857	0.0	-0.045	1.838	6.414	5.201	0.232	0	0	0	1	6	1	2.546	156.222	156.115	-2.162	205.57	11	11	16	16	27	27	6	3	0	1	0	1	1	18	6	0	10	1	10	1	9	11	166.68	0.157	354.967	0.139	304.803	0.79369	0.61408	90.8347	122.211	317.253	796.727	1.2538	33.8526	2.84535	0.82249	82.7686	98.1075	337.399	8.10444	5.32569	4.25315	0.49279	3.15737	7.13648	4.5211	3.10343	0.17677	2.13898	2.10249	2.21233	168.0	48	9.0909	8.72407	4.79289	4.49615	3.2653	3.01775	3.56588	11.0	11.0	13.0	2.0	14.0
244	0	4.086	0.0	0.0	10.428	0.0	-0.16	3.698	10.851	4.848	0.0	0	0	0	2	9	0	4.087	200.318	200.178	-4.391	291.337	14	13	24	24	38	37	0	10	0	0	0	0	0	26	1	0	12	1	12	1	14	14	234.57	0.112	453.107	0.109	385.557	0.54974	1.71428	104.676	122.211	579.775	630.919	1.16743	44.3626	2.09306	0.54974	110.675	122.211	694.101	10.6484	6.77005	5.01094	0.40824	2.88502	9.68045	5.90402	3.81491	0.08333	2.30321	2.80837	2.90874	444.0	52	14.0	13.63	11.0769	10.7092	13.0909	12.7241	10.4261	14.0	13.0	13.0	1.0	11.0
245	0	5.21	0.0	0.0	11.027	0.0	-0.037	4.238	12.348	5.088	0.0	0	0	0	2	11	0	5.21	228.371	228.209	-5.088	334.124	16	15	28	28	44	43	0	12	0	0	0	0	0	30	1	0	14	1	14	1	16	16	266.39	0.098	502.666	0.098	426.581	0.53125	1.875	127.465	147.207	808.327	630.919	1.14332	50.3061	2.125	0.53125	133.433	147.207	945.623	12.0626	7.80806	5.51094	0.28867	3.58195	11.0947	6.96468	4.44534	0.05892	2.71506	2.92895	3.03357	647.0	60	16.0	15.63	13.0667	12.6984	13.0	12.63	12.4047	16.0	15.0	15.0	1.0	14.0
246	0	4.753	0.0	0.0	10.796	0.0	-0.072	4.067	11.376	4.997	0.0	0	0	0	2	10	0	4.753	214.344	214.193	-4.68	312.731	15	14	26	26	41	40	0	11	0	0	0	0	0	28	1	0	13	1	13	1	15	15	250.43	0.105	477.887	0.103	406.069	0.55633	1.73333	115.968	134.606	687.706	630.919	1.15469	47.3425	2.17355	0.55633	121.951	134.606	813.418	11.3555	7.30806	5.13052	0.28867	3.4974	10.3876	6.46468	4.04889	0.05892	2.54961	2.87659	2.97996	538.0	56	15.0	14.63	12.0714	11.7034	11.929	11.5571	11.4147	15.0	14.0	14.0	1.0	13.0
273	0	1.923	7.642	1.857	10.803	0.0	-0.122	0.0	1.325	4.992	0.0	4	2	0	0	2	0	1.923	148.159	148.052	-1.809	158.952	11	12	8	8	19	20	11	0	6	2	1	1	2	9	7	0	8	4	5	1	11	11	137.58	0.191	314.599	0.157	278.363	0.68303	0.72727	110.045	160.0	337.642	992.103	1.37796	26.1813	2.73215	0.78977	86.9518	110.039	304.484	7.68179	5.36017	4.72284	0.622	3.80187	6.04011	3.64682	2.58179	0.21991	1.79486	2.34278	2.43739	144.0	56	7.63888	6.55334	3.16406	2.47303	1.6	1.16869	1.47333	11.0	12.0	16.0	3.0	20.0
362	0	6.128	0.0	0.0	11.18	0.0	-0.064	6.007	13.731	5.136	0.007	0	0	0	3	11	1	6.128	256.424	256.24	-6.126	376.91	18	17	32	32	50	49	0	13	0	0	0	0	0	35	1	0	16	1	16	1	17	18	299.93	0.087	542.534	0.091	459.141	0.53077	1.95662	156.739	186.117	384.911	630.919	1.12385	56.1928	2.21329	0.53077	156.964	172.974	467.0925	13.64	8.68073	6.5455	0.56903	4.40109	12.672	7.8474	5.50417	0.33678	3.21361	2.98571	3.0751	915.0	70	18.0	17.63	13.4321	13.0709	13.2872	12.9234	12.8022	18.0	17.0	18.0	2.0	17.0
371	0	0.369	0.0	0.0	9.821	0.0	-0.211	3.171	0.481	4.402	0.0	0	0	0	2	1	0	0.369	88.1051	88.0524	-0.365	120.191	6	5	8	8	14	13	0	2	0	0	0	0	0	10	1	0	4	1	4	1	6	6	106.85	0.246	254.868	0.194	221.463	1.0	-1e-05	24.2738	33.2193	47.7577	104.378	1.37878	19.303	2.58496	1.0	30.6866	33.2193	80.6592	4.99156	2.77005	2.18252	0.40824	0.86602	4.0236	1.90403	0.92459	0.08333	0.3476	2.60527	2.90495	32.0	20	6.0	5.63	3.2	2.84598	5.33333	5.01022	2.67048	6.0	5.0	5.0	1.0	3.0
385	0	2.125	0.0	0.0	10.357	0.0	-0.175	5.664	2.759	4.846	0.545	0	0	0	3	3	1	2.125	144.211	144.115	-1.941	205.764	10	9	16	16	26	25	0	5	0	0	0	0	0	19	1	0	8	1	8	1	8	10	172.37	0.152	344.295	0.143	295.048	0.87958	0.4	65.3143	86.4386	203.179	483.752	1.2389	32.2114	2.92192	0.87958	68.0077	75.0586	274.288	7.98312	4.7019	3.65371	0.61237	2.30696	7.01516	3.83588	2.4851	0.28745	1.67699	3.20396	3.39045	138.0	38	10.0	9.63	5.76	5.4176	5.53086	5.18252	5.21715	10.0	9.0	10.0	2.0	9.0
387	0	1.492	0.0	0.0	10.42	0.0	-0.088	3.768	1.922	4.643	0.0	0	0	0	2	3	0	1.492	116.158	116.084	-1.056	162.978	8	7	12	12	20	19	0	4	0	0	0	0	0	14	1	0	6	1	6	1	8	8	138.67	0.189	304.427	0.162	262.487	0.75	0.75	42.2929	53.303	115.927	255.094	1.29546	25.9092	2.25	0.75	48.5042	53.303	167.155	6.40577	3.80806	2.68252	0.28867	1.56294	5.43781	2.96469	1.55502	0.05892	0.75944	2.87815	3.1129	75.0	28	8.0	7.63	5.14285	4.78082	5.0	4.63	4.55971	8.0	7.0	7.0	1.0	6.0
391	0	2.496	0.0	0.0	11.175	0.0	0.02	1.861	6.287	4.942	0.211	0	0	0	1	6	1	2.496	156.222	156.115	-2.125	205.57	11	11	16	16	27	27	6	3	0	1	0	1	1	18	6	0	10	1	10	1	9	11	167.24	0.157	354.967	0.139	304.803	0.79369	0.61408	90.8347	122.211	311.499	797.641	1.2538	33.8526	2.84535	0.82249	82.7686	98.1075	333.183	8.10444	5.34253	4.16404	0.40236	3.19858	7.13648	4.5092	3.08698	0.19245	2.2251	2.18616	2.29099	164.0	48	9.0909	8.72407	4.79289	4.49615	2.84444	2.6193	3.56588	11.0	11.0	13.0	2.0	15.0
393	0	3.762	0.0	0.0	10.835	7.14	-0.273	3.982	5.253	4.727	0.0	0	0	4	2	5	0	3.762	196.286	196.146	-4.128	274.651	14	13	20	20	34	33	0	8	0	0	0	0	0	22	1	2	10	3	10	3	14	14	226.5	0.116	440.186	0.112	380.985	0.80898	0.57142	104.676	122.211	569.684	630.919	1.22104	41.5156	3.23592	0.84991	110.675	122.211	684.01	10.6484	6.80806	4.80384	0.28867	3.08195	9.16143	5.30806	3.03509	0.04811	1.74044	3.35208	3.47674	428.0	52	14.0	13.11	11.0769	10.1926	11.0	10.11	9.54461	14.0	13.0	13.0	1.0	12.0
394	0	4.23	0.0	0.0	10.956	0.0	-0.041	4.072	9.83	4.848	0.0	0	0	0	2	9	0	4.23	200.318	200.178	-4.104	291.337	14	13	24	24	38	37	0	10	0	0	0	0	0	26	1	0	12	1	12	1	14	14	234.46	0.112	453.107	0.109	385.557	0.59646	1.53641	104.676	122.211	569.684	630.919	1.16743	44.3626	2.27094	0.59646	110.675	122.211	684.01	10.6484	6.80806	4.80384	0.28867	3.08195	9.68045	5.96468	3.67634	0.05892	2.28977	2.93232	3.04173	428.0	52	14.0	13.63	11.0769	10.7092	11.0	10.63	10.4261	14.0	13.0	13.0	1.0	12.0
409	0	2.861	0.0	0.0	10.783	0.0	-0.053	3.994	5.657	4.783	0.0	0	0	0	2	6	0	2.861	158.238	158.131	-2.516	227.158	11	10	18	18	29	28	0	7	0	0	0	0	0	20	1	0	9	1	9	1	11	11	186.56	0.14	378.767	0.13	324.022	0.71737	0.97771	72.1928	86.4386	295.43	624.437	1.21701	35.2935	2.48171	0.71737	78.2645	86.4386	376.954	8.52709	5.30806	3.74318	0.28867	2.33195	7.55913	4.46469	2.61568	0.05892	1.53977	2.92438	3.07826	202.0	40	11.0	10.63	8.1	7.73384	7.90123	7.52755	7.4737	11.0	10.0	10.0	1.0	9.0
411	0	2.405	0.0	0.0	10.695	0.0	-0.06	3.947	4.333	4.749	0.0	0	0	0	2	5	0	2.405	144.211	144.115	-2.007	205.764	10	9	16	16	26	25	0	6	0	0	0	0	0	18	1	0	8	1	8	1	10	10	170.6	0.154	353.987	0.139	303.51	0.75917	0.79999	61.9006	75.0586	225.418	481.064	1.2389	32.2114	2.52192	0.75917	68.0077	75.0586	296.527	7.81999	4.80806	3.38962	0.28867	2.08195	6.85203	3.96469	2.26212	0.05892	1.28977	2.91977	3.09561	150.0	36	10.0	9.63	7.11111	6.74587	7.0	6.63	6.49627	10.0	9.0	9.0	1.0	8.0
413	0	2.382	0.0	0.0	10.608	3.31	-0.24	3.862	2.462	4.662	0.0	0	0	2	2	3	0	2.382	142.196	142.099	-2.115	197.421	10	9	14	14	24	23	0	5	0	0	0	0	0	16	1	1	7	2	7	2	10	10	166.58	0.157	347.527	0.142	301.224	0.84462	0.4	61.9006	75.0586	225.418	481.064	1.28067	30.7361	2.92192	0.87958	68.0077	75.0586	296.527	7.81999	4.80806	3.38962	0.28867	2.08195	6.59251	3.64139	1.94309	0.04811	0.99587	3.21405	3.40549	150.0	36	10.0	9.36999	7.11111	6.48947	7.0	6.36999	6.08063	10.0	9.0	9.0	1.0	8.0
424	0	1.499	0.0	0.0	10.52	0.0	-0.118	5.44	0.483	4.664	0.009	0	0	0	3	1	1	1.499	116.158	116.084	-1.007	162.978	8	7	12	12	20	19	0	3	0	0	0	0	0	15	1	0	6	1	6	1	7	8	140.28	0.187	294.735	0.168	254.024	0.91666	0.25	44.6558	64.0	106.166	256.034	1.29546	25.9092	2.75	0.91666	48.5042	53.303	157.394	6.56891	3.68073	3.00997	0.56903	1.88208	5.60095	2.8474	1.90674	0.33678	0.758	3.13881	3.39122	70.0	30	8.0	7.63	3.9375	3.60978	3.67346	3.33864	3.44283	8.0	7.0	8.0	2.0	7.0
426	0	1.744	0.0	0.0	10.631	0.0	-0.091	5.811	1.027	4.713	0.406	0	0	0	3	2	1	1.744	130.185	130.099	-1.325	184.371	9	8	14	14	23	22	0	4	0	0	0	0	0	17	1	0	7	1	7	1	8	9	156.36	0.168	319.515	0.154	274.536	0.92989	0.22222	54.8575	75.0586	154.826	359.201	1.26467	29.0875	2.9477	0.92989	58.0739	64.0	215.824	7.27602	4.1639	3.52339	0.69692	1.65524	6.30806	3.32053	2.40299	0.46717	0.88024	3.10978	3.32382	102.0	34	9.0	8.63	4.8395	4.50329	5.87755	5.50192	4.31815	9.0	8.0	9.0	2.0	7.0
427	0	5.142	0.0	0.0	11.027	0.0	-0.037	4.1	12.699	4.874	0.0	0	0	0	2	11	0	5.142	228.371	228.209	-5.19	334.124	16	15	28	28	44	43	0	12	0	0	0	0	0	30	1	0	14	1	14	1	16	16	266.39	0.098	502.666	0.098	426.581	0.53125	1.875	127.465	147.207	808.327	630.919	1.14332	50.3061	2.125	0.53125	133.433	147.207	945.623	12.0626	7.80806	5.51094	0.28867	3.58195	11.0947	6.96468	4.38344	0.05892	2.78977	2.93931	3.03019	647.0	60	16.0	15.63	13.0667	12.6984	13.0	12.63	12.4047	16.0	15.0	15.0	1.0	14.0
451	0	6.054	0.0	0.0	11.081	0.0	-0.034	4.119	15.604	4.894	0.0	0	0	0	2	13	0	6.054	256.424	256.24	-6.286	376.91	18	17	32	32	50	49	0	14	0	0	0	0	0	34	1	0	16	1	16	1	18	18	298.32	0.088	552.226	0.089	467.604	0.47748	2.17884	151.02	172.974	384.911	630.919	1.12385	56.1928	1.99107	0.47748	156.964	172.974	467.0925	13.4768	8.80805	6.21805	0.28867	4.08195	12.5089	7.96468	5.09055	0.05892	3.28977	2.94751	3.02494	930.0	68	18.0	17.63	15.0588	14.6901	15.0	14.63	14.3882	18.0	17.0	17.0	1.0	16.0
453	0	3.773	0.0	0.0	10.909	0.0	-0.044	4.053	8.416	4.83	0.0	0	0	0	2	8	0	3.774	186.291	186.162	-3.568	269.944	13	12	22	22	35	34	0	9	0	0	0	0	0	24	1	0	11	1	11	1	13	13	218.49	0.12	428.327	0.115	365.045	0.63393	1.35458	93.6032	110.039	467.323	975.213	1.18181	41.3637	2.34585	0.63393	99.6227	110.039	570.477	9.94131	6.30806	4.45028	0.28867	2.83195	8.97334	5.46469	3.32278	0.05892	2.03977	2.92949	3.05094	340.0	48	13.0	12.63	10.0833	9.71598	9.91735	9.54477	9.43945	13.0	12.0	12.0	1.0	11.0
457	0	3.317	0.0	0.0	10.853	0.0	-0.048	4.028	7.022	4.809	0.0	0	0	0	2	7	0	3.317	172.265	172.146	-3.038	248.551	12	11	20	20	32	31	0	8	0	0	0	0	0	22	1	0	10	1	10	1	12	12	202.53	0.129	403.547	0.122	344.534	0.67456	1.16666	82.7686	98.1075	375.982	788.964	1.19819	38.3421	2.41829	0.67456	88.8118	98.1075	468.196	9.2342	5.80806	4.09673	0.28867	2.58195	8.26624	4.96469	2.96923	0.05892	1.78977	2.92703	3.06307	265.0	44	12.0	11.63	9.0909	8.72407	9.0	8.63	8.45508	12.0	11.0	11.0	1.0	10.0
461	0	3.294	0.0	0.0	10.766	3.395	-0.228	3.97	5.039	4.722	0.0	0	0	2	2	5	0	3.294	170.249	170.131	-3.129	240.208	12	11	18	18	30	29	0	7	0	0	0	0	0	20	1	1	9	2	9	2	12	12	198.51	0.132	397.086	0.124	342.247	0.83367	0.5	82.7686	98.1075	375.982	788.964	1.23095	36.9288	3.08496	0.86052	88.8118	98.1075	468.196	9.2342	5.80806	4.09673	0.28867	2.58195	8.00673	4.64139	2.65019	0.04811	1.51487	3.17398	3.32141	265.0	44	12.0	11.37	9.0909	8.46643	9.0	8.36999	8.02194	12.0	11.0	11.0	1.0	10.0
463	0	6.967	0.0	0.0	11.122	0.0	-0.032	4.133	18.532	4.909	0.0	0	0	0	2	15	0	6.967	284.477	284.272	-7.39	419.697	20	19	36	36	56	55	0	16	0	0	0	0	0	38	1	0	18	1	18	1	20	20	330.25	0.079	601.786	0.082	508.628	0.43289	2.45097	175.251	199.421	384.911	630.919	1.10778	62.0359	1.87095	0.43289	181.177	199.421	467.0925	14.8911	9.80805	6.92516	0.28867	4.58195	13.9231	8.96469	5.79766	0.05892	3.78977	2.95617	3.02347	269.0	76	20.0	19.63	17.0526	16.6837	17.0	16.63	16.375	20.0	19.0	19.0	1.0	18.0
465	0	2.981	10.171	1.274	11.011	0.0	-0.094	1.828	2.8	4.84	0.0	5	1	0	1	4	0	2.981	192.254	192.115	-3.269	244.72	14	14	16	16	30	30	6	6	6	1	1	1	1	18	6	0	10	4	7	1	12	14	205.1	0.128	408.33	0.121	355.253	0.71589	0.82212	125.845	160.0	615.064	630.919	1.2729	38.1872	2.98522	0.78406	115.968	134.606	637.214	10.2258	6.82569	5.32878	0.49279	3.81551	8.53167	5.02182	3.14417	0.17677	1.9945	2.13601	2.20592	372.0	60	12.0714	10.9278	7.3125	6.32593	5.48096	4.61569	4.93776	14.0	14.0	16.0	2.0	17.0
467	0	2.525	9.937	1.176	10.994	0.0	-0.12	1.819	1.699	4.824	0.0	5	1	0	1	3	0	2.525	178.228	178.099	-2.79	223.327	13	13	14	14	27	27	6	5	6	1	1	1	1	16	6	0	9	4	6	1	11	13	189.14	0.139	383.55	0.129	334.741	0.6887	0.88536	114.009	147.207	503.333	630.919	1.29723	35.0252	2.81507	0.76073	104.676	122.211	524.987	9.51866	6.32569	4.97523	0.49279	3.57393	7.82456	4.52182	2.79061	0.17677	1.76594	2.24883	2.33	290.0	56	11.0769	9.93438	6.45333	5.48785	4.6875	3.85357	4.19373	13.0	13.0	15.0	2.0	16.0
468	0	1.036	0.0	0.0	10.189	0.0	-0.123	3.574	0.972	4.552	0.0	0	0	0	2	2	0	1.036	102.132	102.068	-0.65	141.585	7	6	10	10	17	16	0	3	0	0	0	0	0	12	1	0	5	1	5	1	7	7	122.7	0.214	279.648	0.177	241.975	0.89822	0.28571	33.0587	43.0196	76.8589	170.835	1.33282	22.6579	2.52164	0.89822	39.3515	43.0196	118.701	5.69867	3.30806	2.30209	0.28867	1.47839	4.73071	2.46469	1.15857	0.05892	0.594	2.79915	3.06893	50.0	24	7.0	6.63	4.16666	3.80762	3.83999	3.46066	3.60636	7.0	6.0	6.0	1.0	5.0
480	0	4.686	0.0	0.0	10.994	0.0	-0.039	4.088	11.259	4.862	0.0	0	0	0	2	10	0	4.686	214.344	214.193	-4.645	312.731	15	14	26	26	41	40	0	11	0	0	0	0	0	28	1	0	13	1	13	1	15	15	250.43	0.105	477.887	0.103	406.069	0.56228	1.71009	115.968	134.606	683.285	630.919	1.15469	47.3425	2.19679	0.56228	121.951	134.606	808.996	11.3555	7.30806	5.15739	0.28867	3.33195	10.3876	6.46468	4.02989	0.05892	2.53977	2.93561	3.03497	530.0	56	15.0	14.63	12.0714	11.7034	11.929	11.5571	11.4147	15.0	14.0	14.0	1.0	13.0
482	0	1.949	0.0	0.0	10.579	0.0	-0.07	3.878	3.073	4.704	0.0	0	0	0	2	4	0	1.949	130.185	130.099	-1.516	184.371	9	8	14	14	23	22	0	5	0	0	0	0	0	16	1	0	7	1	7	1	9	9	154.63	0.17	329.207	0.15	282.998	0.78969	0.66666	51.9218	64.0	165.677	358.201	1.26467	29.0875	2.50325	0.78969	58.0739	64.0	226.676	7.11288	4.30806	3.03607	0.28867	1.83195	6.14492	3.46469	1.90857	0.05892	1.03977	2.90844	3.11117	108.0	32	9.0	8.63	6.125	5.76106	5.87755	5.50192	5.52421	9.0	8.0	8.0	1.0	7.0
553	0	2.718	0.0	0.0	10.31	0.0	-0.167	3.637	6.602	4.783	0.0	0	0	0	2	6	0	2.718	158.238	158.131	-2.78	227.158	11	10	18	18	29	28	0	7	0	0	0	0	0	20	1	0	9	1	9	1	11	11	186.68	0.14	378.767	0.13	324.022	0.69491	1.05542	72.1928	86.4386	303.676	622.885	1.21701	35.2935	2.404	0.69491	78.2645	86.4386	385.2	8.52709	5.27005	3.95028	0.40824	2.13502	7.55913	4.40403	2.75425	0.08333	1.55321	2.74461	2.88404	212.0	40	11.0	10.63	8.1	7.73384	10.0	9.63	7.4737	11.0	10.0	10.0	1.0	8.0
555	0	3.841	0.0	0.0	10.909	0.0	-0.044	4.184	8.092	5.023	0.0	0	0	0	2	8	0	3.841	186.291	186.162	-3.476	269.944	13	12	22	22	35	34	0	9	0	0	0	0	0	24	1	0	11	1	11	1	13	13	218.49	0.12	428.327	0.115	365.045	0.63393	1.35458	93.6032	110.039	467.323	975.213	1.18181	41.3637	2.34585	0.63393	99.6227	110.039	570.477	9.9413	6.30806	4.45028	0.28867	2.83195	8.97334	5.46469	3.38468	0.05892	1.96506	2.91533	3.05556	340.0	48	13.0	12.63	10.0833	9.71598	9.91735	9.54477	9.43945	13.0	12.0	12.0	1.0	11.0
560	0	3.847	0.0	0.0	11.009	0.0	-0.074	5.914	6.595	5.044	0.009	0	0	0	3	6	1	3.847	186.291	186.162	-3.421	269.944	13	12	22	22	35	34	0	8	0	0	0	0	0	25	1	0	11	1	11	1	12	13	220.11	0.119	418.634	0.118	356.583	0.71708	1.04689	98.1059	122.211	456.599	974.765	1.18181	41.3637	2.65354	0.71708	99.6227	110.039	559.753	10.1044	6.18073	4.77774	0.56903	3.15109	9.13648	5.3474	3.73641	0.33678	1.96361	3.00798	3.15168	330.0	50	13.0	12.63	8.59171	8.23833	8.33333	7.97393	8.00386	13.0	12.0	13.0	2.0	12.0
561	0	5.666	0.0	0.0	11.342	0.0	-0.003	4.408	13.229	5.189	0.0	0	0	0	2	12	0	5.666	242.397	242.225	-5.462	355.517	17	16	30	30	47	46	0	13	0	0	0	0	0	32	1	0	15	1	15	1	17	17	282.36	0.093	527.446	0.093	447.092	0.50308	2.03113	139.152	160.0	935.642	630.919	1.13309	53.2556	2.05632	0.50308	145.108	160.0	467.0925	12.7697	8.30806	5.8645	0.28867	3.85095	11.8018	7.46469	4.79889	0.05892	2.99539	3.03298	3.14949	760.0	64	17.0	16.63	14.0625	13.694	13.9378	13.5663	13.3959	17.0	16.0	16.0	1.0	15.0
590	0	1.952	0.0	0.0	10.22	3.882	-0.222	3.517	2.604	4.662	0.0	0	0	2	2	3	0	1.952	142.196	142.099	-2.193	197.421	10	9	14	14	24	23	0	5	0	0	0	0	0	16	1	1	7	2	7	2	10	10	166.96	0.157	347.527	0.142	301.224	0.84462	0.39999	61.9006	75.0586	232.888	479.463	1.28067	30.7361	2.92192	0.87958	68.0077	75.0586	303.997	7.81999	4.77005	3.59673	0.40824	1.88502	6.59251	3.55386	2.06266	0.08333	1.00483	2.96997	3.14158	158.0	36	10.0	9.36999	7.11111	6.48947	9.14285	8.52698	6.08063	10.0	9.0	9.0	1.0	7.0
594	0	2.917	0.0	0.0	10.742	7.166	-0.262	3.861	2.305	4.851	0.0	0	0	4	2	3	0	2.917	168.233	168.115	-2.986	231.865	12	11	16	16	28	27	0	6	0	0	0	0	0	18	1	2	8	3	8	3	12	12	194.84	0.134	390.626	0.126	339.961	0.89781	0.16666	82.7686	98.1075	375.982	788.964	1.2638	35.3867	3.41829	0.9535	88.8118	98.1075	468.196	9.2342	5.80806	4.09673	0.28867	2.58195	7.74721	4.25321	2.33582	0.04811	1.23395	3.18256	3.35112	265.0	44	12.0	11.11	9.0909	8.20891	9.0	8.10999	7.60008	12.0	11.0	11.0	1.0	10.0
607	0	3.516	9.638	0.996	11.398	4.111	-0.157	2.081	2.659	5.102	0.0	5	1	2	1	4	0	3.516	218.292	218.131	-4.115	279.164	16	16	18	18	34	34	6	7	6	1	1	1	1	20	6	1	11	5	8	2	14	16	233.28	0.112	451.429	0.109	393.99	0.7861	0.54718	149.984	186.117	865.707	630.919	1.25329	42.6121	3.45281	0.8632	139.152	160.0	890.151	11.64	7.82569	6.04779	0.49279	4.26092	9.68637	5.67164	3.55117	0.17677	2.14122	2.12929	2.20899	563.0	68	14.0625	12.6585	9.07407	7.82669	7.05817	5.93749	6.19215	16.0	16.0	18.0	2.0	19.0
612	0	3.396	0.0	0.0	10.988	4.131	-0.064	4.153	4.955	5.0	0.0	0	0	2	2	6	0	3.396	184.275	184.146	-3.285	261.601	13	12	20	20	33	32	0	8	0	0	0	0	0	22	1	1	10	2	10	2	13	13	214.74	0.122	421.866	0.117	362.759	0.81028	0.61538	93.6032	110.039	464.754	975.899	1.21129	39.9727	3.08505	0.83369	99.6227	110.039	567.908	9.94131	6.30806	4.45028	0.28867	2.85095	8.71383	5.11452	2.99235	0.05892	1.68439	3.09678	3.25221	336.0	48	13.0	12.37	10.0833	9.45795	9.91735	9.28286	8.9996	13.0	12.0	12.0	1.0	11.0
614	0	3.926	9.113	0.632	11.455	0.0	-0.216	2.162	5.049	5.135	0.0	5	1	0	1	5	0	3.926	206.281	206.131	-3.874	266.113	15	15	18	18	33	33	6	7	6	1	1	1	1	20	6	0	11	4	8	1	13	15	220.7	0.119	433.11	0.114	375.765	0.68815	0.98365	137.838	172.974	731.401	630.919	1.25153	41.3006	2.92323	0.74822	127.465	147.207	755.907	10.9329	7.34253	5.57826	0.40236	4.21758	9.23878	5.56471	3.5626	0.125	2.24053	2.13111	2.2168	456.0	64	13.0667	11.9222	8.18685	7.18259	5.58448	4.74773	5.70882	15.0	15.0	17.0	2.0	19.0
617	0	3.362	0.0	0.0	10.766	3.133	-0.228	3.962	5.128	4.903	0.0	0	0	2	2	5	0	3.362	170.249	170.131	-3.098	240.208	12	11	18	18	30	29	0	7	0	0	0	0	0	20	1	1	9	2	9	2	12	12	198.59	0.132	397.086	0.124	342.247	0.78863	0.66666	82.7686	98.1075	375.982	788.964	1.23095	36.9288	2.91829	0.81403	88.8118	98.1075	468.196	9.2342	5.80806	4.09673	0.28867	2.58195	8.00673	4.60338	2.72815	0.04811	1.54496	3.01774	3.17866	265.0	44	12.0	11.37	9.0909	8.46643	9.0	8.36999	8.02194	12.0	11.0	11.0	1.0	10.0
618	0	3.385	0.0	0.0	10.853	0.0	-0.048	4.154	6.716	4.99	0.0	0	0	0	2	7	0	3.385	172.265	172.146	-2.951	248.551	12	11	20	20	32	31	0	8	0	0	0	0	0	22	1	0	10	1	10	1	12	12	202.53	0.129	403.547	0.122	344.534	0.67456	1.16666	82.7686	98.1075	375.982	788.964	1.19819	38.3421	2.41829	0.67456	88.8118	98.1075	468.196	9.2342	5.80806	4.09673	0.28867	2.58195	8.26624	4.96469	3.03113	0.05892	1.71506	2.91183	3.06803	265.0	44	12.0	11.63	9.0909	8.72407	9.0	8.63	8.45508	12.0	11.0	11.0	1.0	10.0
620	0	4.297	0.0	0.0	11.128	0.0	-0.019	4.312	9.148	5.096	0.0	0	0	0	2	9	0	4.297	200.318	200.178	-3.905	291.337	14	13	24	24	38	37	0	10	0	0	0	0	0	26	1	0	12	1	12	1	14	14	234.46	0.112	453.107	0.109	385.557	0.59646	1.53641	104.676	122.211	564.955	630.919	1.16743	44.3626	2.27094	0.59646	110.675	122.211	679.281	10.6484	6.80806	4.80384	0.28867	3.10095	9.68045	5.96469	3.73823	0.05892	2.24539	2.99488	3.1359	420.0	52	14.0	13.63	11.0769	10.7092	11.0	10.63	10.4261	14.0	13.0	13.0	1.0	12.0
622	0	3.391	0.0	0.0	10.953	0.0	-0.078	5.877	5.224	5.011	0.01	0	0	0	3	5	1	3.391	172.265	172.146	-2.897	248.551	12	11	20	20	32	31	0	7	0	0	0	0	0	23	1	0	10	1	10	1	11	12	204.14	0.128	393.854	0.125	336.071	0.76754	0.83333	86.9518	110.039	365.44	788.679	1.19819	38.3421	2.75162	0.76754	88.8118	98.1075	457.654	9.39734	5.68073	4.42418	0.56903	2.90109	8.42938	4.8474	3.38285	0.33678	1.71361	3.02189	3.18281	256.0	46	12.0	11.63	7.63888	7.2883	7.43801	7.08266	7.06358	12.0	11.0	12.0	2.0	11.0
623	0	3.637	0.0	0.0	11.063	0.0	-0.05	6.223	5.795	5.06	0.405	0	0	0	3	6	1	3.637	186.291	186.162	-3.218	269.944	13	12	22	22	35	34	0	8	0	0	0	0	0	25	1	0	11	1	11	1	12	13	220.22	0.119	418.634	0.118	356.583	0.79212	0.76923	98.1059	122.211	453.972	975.887	1.18181	41.3637	2.9312	0.79212	99.6227	110.039	557.126	10.1044	6.1639	4.93761	0.69692	2.67425	9.13648	5.32053	3.8791	0.46717	1.83585	3.05654	3.20992	326.0	50	13.0	12.63	8.59171	8.23833	9.91735	9.54477	8.00386	13.0	12.0	13.0	2.0	11.0
625	0	3.961	9.698	1.014	11.422	0.0	-0.123	2.168	5.497	5.153	0.0	5	1	0	1	6	0	3.961	220.307	220.146	-4.226	287.507	16	16	20	20	36	36	6	8	6	1	1	1	1	22	6	0	12	4	9	1	14	16	237.04	0.11	457.89	0.108	396.277	0.71214	0.92218	149.984	186.117	865.707	630.919	1.23266	44.3758	3.07781	0.76945	139.152	160.0	890.151	11.64	7.82569	6.04779	0.49279	4.26092	9.94588	6.02182	3.9435	0.17677	2.45222	2.06023	2.13755	563.0	68	14.0625	12.9173	9.07407	8.05482	7.05817	6.14112	6.50293	16.0	16.0	18.0	2.0	19.0
626	0	5.21	0.0	0.0	11.286	0.0	-0.007	4.381	11.848	5.156	0.0	0	0	0	2	11	0	5.21	228.371	228.209	-4.937	334.124	16	15	28	28	44	43	0	12	0	0	0	0	0	30	1	0	14	1	14	1	16	16	266.39	0.098	502.666	0.098	426.581	0.53125	1.875	127.465	147.207	800.081	630.919	1.14332	50.3061	2.125	0.53125	133.433	147.207	937.377	12.0626	7.80806	5.51094	0.28867	3.60095	11.0947	6.96469	4.44534	0.05892	2.74539	3.02739	3.15032	631.0	60	16.0	15.63	13.0667	12.6984	13.0	12.63	12.4047	16.0	15.0	15.0	1.0	14.0
627	0	2.929	0.0	0.0	10.622	0.0	-0.082	3.978	5.748	4.898	0.0	0	0	0	2	6	0	2.929	158.238	158.131	-2.544	227.158	11	10	18	18	29	28	0	7	0	0	0	0	0	20	1	0	9	1	9	1	11	11	186.56	0.14	378.767	0.13	324.022	0.73721	0.90909	72.1928	86.4386	298.618	623.625	1.21701	35.2935	2.55034	0.73721	78.2645	86.4386	380.141	8.52709	5.30806	3.7163	0.28867	2.4974	7.55913	4.46469	2.63468	0.05892	1.54961	2.83439	2.99431	206.0	40	11.0	10.63	8.1	7.73384	7.90123	7.52755	7.4737	11.0	10.0	10.0	1.0	9.0
669	0	3.265	9.067	0.621	11.403	0.0	-0.231	4.215	1.42	5.099	0.568	5	1	0	2	2	1	3.265	192.254	192.115	-3.115	244.72	14	14	16	16	30	30	6	5	6	1	1	1	1	19	6	0	10	4	7	1	11	14	206.46	0.127	398.638	0.124	346.791	0.76308	0.62534	130.454	172.974	592.592	630.919	1.2729	38.1872	3.182	0.83575	115.968	134.606	618.335	10.3889	6.69837	5.70012	0.81061	3.8955	8.69481	4.92055	3.68446	0.53324	1.93784	2.29032	2.38728	352.0	62	12.0714	10.9278	6.4775	5.55289	4.88888	4.08409	4.33435	14.0	14.0	17.0	3.0	18.0
680	0	3.3	9.661	1.006	11.371	0.0	-0.138	4.232	1.836	5.117	0.578	5	1	0	2	3	1	3.3	206.281	206.131	-3.461	266.113	15	15	18	18	33	33	6	6	6	1	1	1	1	21	6	0	11	4	8	1	12	15	222.79	0.118	423.417	0.116	367.302	0.78231	0.58365	142.72	186.117	714.847	630.919	1.25153	41.3006	3.32323	0.8506	127.465	147.207	740.783	11.096	7.18154	6.16966	0.90104	3.93884	9.40191	5.37766	4.06536	0.58502	2.14953	2.18422	2.26935	444.0	66	13.0667	11.9222	7.30246	6.35535	6.22222	5.32798	5.05132	15.0	15.0	18.0	3.0	18.0
691	0	2.877	9.03	0.614	11.326	0.0	-0.242	4.024	0.479	5.05	0.382	5	1	0	2	1	1	2.877	178.228	178.099	-2.696	223.327	13	13	14	14	27	27	6	4	6	1	1	1	1	17	6	0	9	4	6	1	10	13	190.49	0.138	373.858	0.132	326.279	0.74055	0.67345	118.318	160.0	481.404	630.919	1.29723	35.0252	3.02698	0.818	104.676	122.211	506.757	9.68179	6.19837	5.34657	0.81061	3.65392	7.9877	4.42055	3.35833	0.53324	1.55725	2.41729	2.52403	274.0	58	11.0769	9.93438	5.67187	4.77363	4.15224	3.38265	3.64793	13.0	13.0	16.0	3.0	17.0
692	0	2.312	0.0	0.0	10.638	3.088	-0.254	5.794	0.503	4.818	0.411	0	0	2	3	1	1	2.312	142.196	142.099	-1.902	197.421	10	9	14	14	24	23	0	4	0	0	0	0	0	17	1	1	7	2	7	2	9	10	168.39	0.156	337.834	0.146	292.761	0.8228	0.47548	65.3143	86.4386	214.728	481.957	1.28067	30.7361	2.84643	0.85686	68.0077	75.0586	285.837	7.98312	4.6639	3.86504	0.69692	2.01829	6.75565	3.45923	2.52388	0.45636	0.86167	3.23916	3.45307	143.0	38	10.0	9.36999	5.76	5.17822	7.0	6.36999	4.852	10.0	9.0	10.0	2.0	8.0
693	0	2.335	0.0	0.0	10.725	0.0	-0.073	6.022	1.974	4.904	0.445	0	0	0	3	3	1	2.335	144.211	144.115	-1.733	205.764	10	9	16	16	26	25	0	5	0	0	0	0	0	19	1	0	8	1	8	1	9	10	172.32	0.152	344.295	0.143	295.048	0.87958	0.4	65.3143	86.4386	214.728	481.957	1.2389	32.2114	2.92192	0.87958	68.0077	75.0586	285.837	7.98312	4.6639	3.86504	0.69692	2.01829	7.01516	3.82053	2.82685	0.46717	1.03177	3.06326	3.26716	143.0	38	10.0	9.63	5.76	5.4176	7.0	6.63	5.21715	10.0	9.0	10.0	2.0	8.0
697	0	3.704	0.0	0.0	11.088	0.0	-0.038	6.255	5.704	5.044	0.443	0	0	0	3	6	1	3.704	186.291	186.162	-3.193	269.944	13	12	22	22	35	34	0	8	0	0	0	0	0	25	1	0	11	1	11	1	12	13	220.22	0.119	418.634	0.118	356.583	0.818	0.67345	98.1059	122.211	452.421	976.577	1.18181	41.3637	3.02698	0.818	99.6227	110.039	555.575	10.1044	6.1639	4.9257	0.69692	2.78729	9.13648	5.32053	3.88751	0.46717	1.8121	3.08895	3.23988	324.0	50	13.0	12.63	8.59171	8.23833	9.91735	9.54477	8.00386	13.0	12.0	13.0	2.0	11.0
698	0	3.248	0.0	0.0	11.0	0.0	-0.045	6.206	4.382	5.011	0.444	0	0	0	3	5	1	3.248	172.265	172.146	-2.684	248.551	12	11	20	20	32	31	0	7	0	0	0	0	0	23	1	0	10	1	10	1	11	12	204.25	0.128	393.854	0.125	336.071	0.86052	0.5	86.9518	110.039	362.004	790.298	1.19819	38.3421	3.08496	0.86052	88.8118	98.1075	454.218	9.39734	5.6639	4.57215	0.69692	2.53729	8.42938	4.82053	3.53396	0.46717	1.5621	3.09254	3.26001	252.0	46	12.0	11.63	7.63888	7.2883	9.0	8.63	7.06358	12.0	11.0	12.0	2.0	10.0
699	0	2.342	0.0	0.0	10.825	0.0	-0.103	7.714	0.538	4.925	0.431	0	0	0	4	1	2	2.342	144.211	144.115	-1.69	205.764	10	9	16	16	26	25	0	4	0	0	0	0	0	20	1	0	8	1	8	1	8	10	173.93	0.151	334.602	0.148	286.585	0.75917	0.8	68.3444	98.1075	201.793	482.654	1.2389	32.2114	2.52192	0.75917	68.0077	75.0586	272.902	8.14626	4.53658	4.19249	0.97728	2.33743	7.1783	3.70324	3.17858	0.74503	1.03033	3.24244	3.45635	136.0	40	10.0	9.63	4.76033	4.44624	5.53086	5.18252	4.28173	10.0	9.0	11.0	3.0	9.0
703	0	2.911	9.631	1.001	11.294	0.0	-0.149	4.047	0.874	5.068	0.397	5	1	0	2	2	1	2.912	192.254	192.115	-3.038	244.72	14	14	16	16	30	30	6	5	6	1	1	1	1	19	6	0	10	4	7	1	11	14	206.83	0.127	398.638	0.124	346.791	0.76308	0.62534	130.454	172.974	593.563	630.919	1.2729	38.1872	3.182	0.83575	115.968	134.606	618.394	10.3889	6.68154	5.8161	0.90104	3.69726	8.69481	4.87766	3.73923	0.58502	1.76894	2.27641	2.36758	353.0	62	12.0714	10.9278	6.4775	5.55289	5.48096	4.61569	4.33435	14.0	14.0	17.0	3.0	17.0
721	0	0.747	0.0	0.0	10.031	0.0	-0.213	5.044	0.0	4.611	0.025	0	0	0	3	0	1	0.747	102.132	102.068	-0.724	141.585	7	6	10	10	17	16	0	2	0	0	0	0	0	13	1	0	5	1	5	1	6	7	123.87	0.212	269.955	0.183	233.512	0.89822	0.28571	34.7068	53.303	69.3046	171.15	1.33282	22.6579	2.52164	0.89822	39.3515	43.0196	111.147	5.8618	3.12589	3.02339	0.81649	0.9428	4.89384	2.29865	1.65818	0.31903	0.40166	2.91666	3.19427	48.0	26	7.0	6.63	3.06122	2.74563	6.0	5.63	2.60051	7.0	6.0	7.0	2.0	4.0
723	0	2.411	8.981	0.603	11.232	0.0	-0.259	3.668	0.0	4.997	-0.058	5	1	0	2	0	1	2.411	164.201	164.084	-2.393	201.934	12	12	12	12	24	24	6	3	6	1	1	1	1	15	6	0	8	4	5	1	9	12	173.86	0.151	349.078	0.141	305.767	0.71384	0.72957	106.313	147.207	381.578	985.752	1.32501	31.8003	2.85538	0.79649	93.6032	110.039	406.666	8.97469	5.69837	5.00492	0.81061	3.29775	7.28059	3.95933	2.82008	0.3607	1.35223	2.57422	2.69066	209.0	54	10.0833	8.94216	4.88888	4.02182	3.51562	2.78806	2.99698	12.0	12.0	15.0	3.0	16.0
725	0	1.87	0.0	0.0	10.631	0.0	-0.091	5.669	1.406	4.851	0.031	0	0	0	3	2	1	1.87	130.185	130.099	-1.41	184.371	9	8	14	14	23	22	0	4	0	0	0	0	0	17	1	0	7	1	7	1	8	9	155.69	0.168	319.515	0.154	274.536	0.92989	0.22222	54.8575	75.0586	154.826	359.201	1.26467	29.0875	2.9477	0.92989	58.0739	64.0	215.824	7.27602	4.1639	3.52339	0.69692	1.65524	6.30806	3.35931	2.28861	0.29462	0.82127	3.09878	3.32741	102.0	34	9.0	8.63	4.8395	4.50329	5.87755	5.50192	4.31815	9.0	8.0	9.0	2.0	7.0
729	0	2.782	0.0	0.0	10.906	0.0	-0.062	5.864	3.801	4.957	0.031	0	0	0	3	4	1	2.782	158.238	158.131	-2.36	227.158	11	10	18	18	29	28	0	6	0	0	0	0	0	21	1	0	9	1	9	1	10	11	187.62	0.14	369.074	0.134	315.559	0.89488	0.36363	76.0167	98.1075	283.193	625.369	1.21701	35.2935	3.09579	0.89488	78.2645	86.4386	364.717	8.69023	5.1639	4.2305	0.69692	2.17425	7.72227	4.35931	2.99572	0.29462	1.3516	3.09533	3.27257	192.0	42	11.0	10.63	6.69421	6.34718	7.90123	7.52755	6.13369	11.0	10.0	11.0	2.0	9.0
730	0	1.876	0.0	0.0	10.731	0.0	-0.121	7.343	0.0	4.872	0.006	0	0	0	4	0	2	1.876	130.185	130.099	-1.373	184.371	9	8	14	14	23	22	0	3	0	0	0	0	0	18	1	0	7	1	7	1	7	9	157.3	0.167	309.822	0.159	266.073	0.71958	0.88888	57.3464	86.4386	142.542	360.41	1.26467	29.0875	2.28103	0.71958	58.0739	64.0	203.54	7.43915	4.03658	3.85084	0.97728	1.98126	6.47119	3.24202	2.64034	0.57248	0.82326	3.32957	3.57258	96.0	36	9.0	8.63	3.92	3.61658	4.5	4.15424	3.4679	9.0	8.0	10.0	3.0	8.0
731	0	2.122	0.0	0.0	10.841	0.0	-0.093	7.721	0.525	4.922	0.414	0	0	0	4	1	2	2.122	144.211	144.115	-1.686	205.764	10	9	16	16	26	25	0	4	0	0	0	0	0	20	1	0	8	1	8	1	8	10	173.38	0.151	334.602	0.148	286.585	0.63876	1.19999	68.3444	98.1075	199.832	483.331	1.2389	32.2114	2.12192	0.63876	68.0077	75.0586	270.942	8.14626	4.51974	4.36427	1.10517	1.74754	7.1783	3.71515	3.13658	0.70287	0.94206	3.28511	3.49633	135.0	40	10.0	9.63	4.76033	4.44624	7.0	6.63	4.28173	10.0	9.0	11.0	3.0	8.0
736	0	6.432	0.0	0.0	11.291	0.0	-0.037	6.063	15.05	5.103	0.027	0	0	0	3	12	1	6.432	270.451	270.256	-6.637	398.304	19	18	34	34	53	52	0	14	0	0	0	0	0	37	1	0	17	1	17	1	18	19	315.34	0.083	567.313	0.087	479.653	0.56363	1.85364	168.967	199.421	384.911	630.919	1.11545	59.1192	2.39428	0.56363	168.99	186.117	467.0925	14.3471	9.1639	7.05892	0.69692	4.17425	13.3791	8.35931	5.82414	0.29462	3.3516	3.02301	3.1031	269.0	74	19.0	18.63	14.41	14.0479	15.9446	15.5735	13.7743	19.0	18.0	19.0	2.0	17.0
738	0	2.446	9.593	0.993	11.2	0.0	-0.166	3.7	0.36	5.015	-0.032	5	1	0	2	1	1	2.446	178.228	178.099	-2.728	223.327	13	13	14	14	27	27	6	4	6	1	1	1	1	17	6	0	9	4	6	1	10	13	190.19	0.138	373.858	0.132	326.279	0.74055	0.67345	118.318	160.0	482.746	630.919	1.29723	35.0252	3.02698	0.818	104.676	122.211	507.903	9.68179	6.18154	5.47445	0.90104	3.33422	7.9877	4.41644	3.20098	0.41247	1.55843	2.38596	2.48238	276.0	58	11.0769	9.93438	5.67187	4.77363	4.6875	3.85357	3.64793	13.0	13.0	16.0	3.0	16.0
752	0	4.999	0.0	0.0	10.481	0.0	-0.157	3.721	13.744	4.874	0.0	0	0	0	2	11	0	4.999	228.371	228.209	-5.485	334.124	16	15	28	28	44	43	0	12	0	0	0	0	0	30	1	0	14	1	14	1	16	16	266.51	0.098	502.666	0.098	426.581	0.48094	2.0762	127.465	147.207	819.384	630.919	1.14332	50.3061	1.92379	0.48094	133.433	147.207	956.68	12.0626	7.77005	5.71805	0.40824	3.38502	11.0947	6.90402	4.52202	0.08333	2.80321	2.8413	2.92538	667.0	60	16.0	15.63	13.0667	12.6984	15.0769	14.7092	12.4047	16.0	15.0	15.0	1.0	13.0
818	0	2.034	7.8	2.03	10.715	0.0	0.232	3.258	1.436	5.027	0.0	4	2	0	2	2	0	2.034	178.228	178.099	-2.851	223.327	13	13	14	14	27	27	6	4	6	1	1	1	1	17	6	0	9	4	6	1	11	13	193.28	0.136	378.266	0.13	330.142	0.67948	0.92307	118.318	160.0	493.826	630.919	1.29723	35.0252	2.77736	0.75054	104.676	122.211	523.516	9.68179	6.21954	5.26619	0.81649	3.69594	8.04011	4.34497	3.05008	0.33023	1.92479	2.48099	2.556	284.0	58	11.0769	9.93438	5.67187	4.77363	4.15224	3.38265	3.64793	13.0	13.0	16.0	3.0	17.0
820	0	2.678	7.572	1.83	10.996	3.409	0.139	3.478	0.548	5.024	0.0	4	2	2	2	1	0	2.678	190.238	190.099	-3.34	236.377	14	14	14	14	28	28	6	4	6	1	1	1	1	17	6	1	9	5	6	2	12	14	204.85	0.128	396.585	0.124	348.368	0.66087	1.0	130.454	172.974	595.578	630.919	1.29583	36.2834	2.80735	0.73735	115.968	134.606	627.466	10.3889	6.75755	5.38577	0.69692	4.30831	8.4877	4.6092	2.92635	0.24759	1.92593	2.62575	2.70148	355.0	62	12.0714	10.6694	6.4775	5.34789	4.38781	3.47599	4.07564	14.0	14.0	17.0	3.0	19.0
821	0	1.578	7.524	1.852	10.736	0.0	0.18	3.212	0.503	4.989	0.0	4	2	0	2	1	0	1.578	164.201	164.084	-2.404	201.934	12	12	12	12	24	24	6	3	6	1	1	1	1	15	6	0	8	4	5	1	10	12	177.31	0.148	353.486	0.14	309.631	0.6879	0.83333	106.313	147.207	393.448	983.337	1.32501	31.8003	2.75162	0.76754	93.6032	110.039	422.741	8.97469	5.71954	4.92454	0.81649	3.34841	7.333	3.84497	2.72686	0.33023	1.61212	2.6433	2.73061	217.0	54	10.0833	8.94216	4.88888	4.02182	3.51562	2.78806	2.99698	12.0	12.0	15.0	3.0	16.0
832	0	1.685	8.877	0.588	10.791	0.0	-0.292	1.37	0.0	4.497	0.0	5	1	0	1	0	0	1.685	136.148	136.052	-1.728	159.147	10	10	8	8	18	18	6	2	6	1	1	1	1	10	6	0	6	4	3	1	8	10	141.56	0.185	309.211	0.16	273.206	0.69508	0.67548	79.504	110.039	237.394	632.536	1.39214	25.0587	2.64643	0.79665	72.1928	86.4386	257.278	7.39734	4.84253	3.78362	0.40236	3.09851	5.70324	2.97718	1.8576	0.125	1.19488	2.75985	2.88288	121.0	44	8.1	6.96299	4.0	3.12889	2.28571	1.66238	2.17864	10.0	10.0	12.0	2.0	14.0
855	0	1.144	0.0	0.0	10.189	0.0	-0.123	3.342	1.405	4.351	0.0	0	0	0	2	2	0	1.144	102.132	102.068	-0.756	141.585	7	6	10	10	17	16	0	3	0	0	0	0	0	12	1	0	5	1	5	1	7	7	123.39	0.213	279.648	0.177	241.975	0.89822	0.28571	33.0587	43.0196	76.8589	170.835	1.33282	22.6579	2.52164	0.89822	39.3515	43.0196	118.701	5.69867	3.30806	2.30209	0.28867	1.47839	4.73071	2.37715	1.32613	0.05892	0.68179	2.81727	3.06302	50.0	24	7.0	6.63	4.16666	3.80762	3.83999	3.46066	3.60636	7.0	6.0	6.0	1.0	5.0
858	0	2.153	9.585	0.988	10.676	3.112	-0.335	1.358	0.0	4.446	0.0	5	1	2	1	0	0	2.153	162.185	162.068	-2.722	193.591	12	12	10	10	22	22	6	3	6	1	1	1	1	12	6	1	7	5	4	2	10	12	169.59	0.155	352.31	0.14	311.943	0.69857	0.72957	102.337	134.606	407.52	982.221	1.34858	29.6689	2.85538	0.79649	93.6032	110.039	427.463	8.81155	5.82569	4.5948	0.49279	3.48938	6.85794	3.63786	2.26717	0.14433	1.41262	2.57067	2.65978	226.0	52	10.0833	8.68442	5.61224	4.4643	4.0	3.03241	3.23082	12.0	12.0	14.0	2.0	15.0
864	0	2.147	0.0	0.0	10.944	0.0	-0.015	1.469	5.742	4.65	0.207	0	0	0	1	5	1	2.147	142.196	142.099	-1.824	184.176	10	10	14	14	24	24	6	2	0	1	0	1	1	16	6	0	9	1	9	1	8	10	151.96	0.173	330.188	0.149	284.292	0.76499	0.67548	79.504	110.039	237.394	632.536	1.28067	30.7361	2.64643	0.79665	72.1928	86.4386	257.278	7.39734	4.84253	3.78362	0.40236	3.09851	6.42938	3.92166	2.85809	0.19245	2.13968	2.23146	2.33783	121.0	44	8.1	7.73384	4.0	3.7145	2.28571	2.07764	2.87273	10.0	10.0	12.0	2.0	14.0
873	0	3.413	0.0	0.0	10.604	7.065	-0.308	3.554	4.814	4.435	0.0	0	0	4	2	4	0	3.413	182.259	182.131	-3.84	253.258	13	12	18	18	31	30	0	7	0	0	0	0	0	20	1	2	9	3	9	3	13	13	211.23	0.124	415.406	0.119	360.473	0.82902	0.46153	93.6032	110.039	471.193	974.432	1.24089	38.4677	3.2389	0.87527	99.6227	110.039	574.347	9.94131	6.30806	4.42341	0.28867	2.9974	8.45432	4.72052	2.80621	0.04811	1.65503	3.30705	3.42832	346.0	48	13.0	12.11	10.0833	9.2	9.91735	9.02087	8.57016	13.0	12.0	12.0	1.0	11.0
897	0	2.512	0.0	0.0	10.552	0.0	-0.087	3.583	5.125	4.491	0.0	0	0	0	2	5	0	2.512	144.211	144.115	-2.215	205.764	10	9	16	16	26	25	0	6	0	0	0	0	0	18	1	0	8	1	8	1	10	10	171.29	0.153	353.987	0.139	303.51	0.79665	0.67548	61.9006	75.0586	228.191	480.284	1.2389	32.2114	2.64643	0.79665	68.0077	75.0586	299.3	7.81999	4.80806	3.36275	0.28867	2.2474	6.85203	3.87715	2.38679	0.05892	1.46212	2.84795	2.99889	153.0	36	10.0	9.63	7.11111	6.74587	7.0	6.63	6.49627	10.0	9.0	9.0	1.0	8.0
903	0	2.056	0.0	0.0	10.464	0.0	-0.094	3.533	3.805	4.457	0.0	0	0	0	2	4	0	2.056	130.185	130.099	-1.706	184.371	9	8	14	14	23	22	0	5	0	0	0	0	0	16	1	0	7	1	7	1	9	9	155.32	0.169	329.207	0.15	282.998	0.85979	0.44444	51.9218	64.0	167.968	357.523	1.26467	29.0875	2.72548	0.85979	58.0739	64.0	228.967	7.11288	4.30806	3.0092	0.28867	1.9974	6.14492	3.37715	2.03323	0.05892	1.21212	2.84135	3.01601	110.0	32	9.0	8.63	6.125	5.76106	5.87755	5.50192	5.52421	9.0	8.0	8.0	1.0	7.0
907	0	1.612	0.0	0.0	10.413	3.752	-0.181	3.412	1.362	4.406	0.0	0	0	2	2	2	0	1.611	128.169	128.084	-1.676	176.028	9	8	12	12	21	20	0	4	0	0	0	0	0	14	1	1	6	2	6	2	9	9	151.57	0.173	322.747	0.153	280.712	0.82045	0.44444	51.9218	64.0	167.968	357.523	1.31274	27.5676	2.72548	0.85979	58.0739	64.0	228.967	7.11288	4.30806	3.0092	0.28867	1.9974	5.88541	3.02698	1.6599	0.05892	0.91455	3.12121	3.30881	110.0	32	9.0	8.36999	6.125	5.50568	5.87755	5.23765	5.12028	9.0	8.0	8.0	1.0	7.0
917	0	1.15	0.0	0.0	10.289	0.0	-0.153	4.986	0.0	4.372	0.004	0	0	0	3	0	1	1.15	102.132	102.068	-0.712	141.585	7	6	10	10	17	16	0	2	0	0	0	0	0	13	1	0	5	1	5	1	6	7	125.0	0.21	269.955	0.183	233.512	0.89822	0.28571	34.7068	53.303	66.285	172.205	1.33282	22.6579	2.52164	0.89822	39.3515	43.0196	108.127	5.8618	3.18073	2.62954	0.56903	1.78202	4.89384	2.25987	1.67786	0.33678	0.67258	3.15009	3.41927	46.0	26	7.0	6.63	3.06122	2.74563	2.66666	2.34047	2.60051	7.0	6.0	7.0	2.0	6.0
920	0	4.793	0.0	0.0	10.796	0.0	-0.072	3.697	12.16	4.583	0.0	0	0	0	2	10	0	4.793	214.344	214.193	-4.887	312.731	15	14	26	26	41	40	0	11	0	0	0	0	0	28	1	0	13	1	13	1	15	15	251.12	0.104	477.887	0.103	406.069	0.55633	1.73333	115.968	134.606	687.706	630.919	1.15469	47.3425	2.17355	0.55633	121.951	134.606	813.418	11.3555	7.30806	5.13052	0.28867	3.4974	10.3876	6.37715	4.15455	0.05892	2.71212	2.88848	2.97608	538.0	56	15.0	14.63	12.0714	11.7034	11.929	11.5571	11.4147	15.0	14.0	14.0	1.0	13.0
937	0	1.852	0.0	0.0	10.494	0.0	-0.108	5.591	1.473	4.461	0.587	0	0	0	3	2	1	1.852	130.185	130.099	-1.447	184.371	9	8	14	14	23	22	0	4	0	0	0	0	0	17	1	0	7	1	7	1	8	9	157.05	0.167	319.515	0.154	274.536	0.92989	0.22222	54.8575	75.0586	157.2	358.545	1.26467	29.0875	2.9477	0.92989	58.0739	64.0	218.198	7.27602	4.1639	3.48461	0.69692	1.93373	6.30806	3.23299	2.50865	0.46717	1.15348	3.03076	3.21384	104.0	34	9.0	8.63	4.8395	4.50329	5.87755	5.50192	4.31815	9.0	8.0	9.0	2.0	7.0
938	0	5.706	0.0	0.0	10.849	0.0	-0.069	3.717	15.064	4.603	0.0	0	0	0	2	12	0	5.706	242.397	242.225	-5.984	355.517	17	16	30	30	47	46	0	13	0	0	0	0	0	32	1	0	15	1	15	1	17	17	283.05	0.092	527.446	0.093	447.092	0.49315	2.07172	139.152	160.0	949.886	630.919	1.13309	53.2556	2.01574	0.49315	145.108	160.0	467.0925	12.7697	8.30806	5.83762	0.28867	3.9974	11.8018	7.37715	4.86166	0.05892	3.21212	2.90497	2.97962	790.0	64	17.0	16.63	14.0625	13.694	13.9378	13.5663	13.3959	17.0	16.0	16.0	1.0	15.0
942	0	3.425	0.0	0.0	10.678	0.0	-0.079	3.646	7.88	4.538	0.0	0	0	0	2	7	0	3.425	172.265	172.146	-3.266	248.551	12	11	20	20	32	31	0	8	0	0	0	0	0	22	1	0	10	1	10	1	12	12	203.22	0.129	403.547	0.122	344.534	0.68364	1.13413	82.7686	98.1075	379.531	788.157	1.19819	38.3421	2.45082	0.68364	88.8118	98.1075	471.745	9.2342	5.80806	4.06986	0.28867	2.7474	8.26624	4.87715	3.09389	0.05892	1.96212	2.86304	2.98068	270.0	44	12.0	11.63	9.0909	8.72407	9.0	8.63	8.45508	12.0	11.0	11.0	1.0	10.0
945	0	3.401	0.0	0.0	10.591	3.368	-0.259	3.577	5.935	4.452	0.0	0	0	2	2	5	0	3.402	170.249	170.131	-3.363	240.208	12	11	18	18	30	29	0	7	0	0	0	0	0	20	1	1	9	2	9	2	12	12	199.2	0.132	397.086	0.124	342.247	0.81667	0.5629	82.7686	98.1075	379.531	788.157	1.23095	36.9288	3.02205	0.84298	88.8118	98.1075	471.745	9.2342	5.80806	4.06986	0.28867	2.7474	8.00673	4.55386	2.77486	0.04811	1.67946	3.08692	3.21454	270.0	44	12.0	11.37	9.0909	8.46643	9.0	8.36999	8.02194	12.0	11.0	11.0	1.0	10.0
946	0	2.98	0.0	0.0	10.627	3.924	-0.165	3.588	5.203	4.487	0.0	0	0	2	2	5	0	2.98	170.249	170.131	-3.202	240.208	12	11	18	18	30	29	0	7	0	0	0	0	0	20	1	1	9	2	9	2	12	12	199.46	0.131	397.086	0.124	342.247	0.83367	0.5	82.7686	98.1075	379.531	788.157	1.23095	36.9288	3.08496	0.86052	88.8118	98.1075	471.745	9.2342	5.80806	4.06986	0.28867	2.7474	8.00673	4.52698	2.74744	0.05892	1.65319	3.09776	3.22385	270.0	44	12.0	11.37	9.0909	8.46643	9.0	8.36999	8.02194	12.0	11.0	11.0	1.0	10.0
949	0	2.969	0.0	0.0	10.622	0.0	-0.082	3.619	6.488	4.517	0.0	0	0	0	2	6	0	2.969	158.238	158.131	-2.736	227.158	11	10	18	18	29	28	0	7	0	0	0	0	0	20	1	0	9	1	9	1	11	11	187.25	0.14	378.767	0.13	324.022	0.73721	0.90909	72.1928	86.4386	298.618	623.625	1.21701	35.2935	2.55034	0.73721	78.2645	86.4386	380.141	8.52709	5.30806	3.7163	0.28867	2.4974	7.55913	4.37715	2.74034	0.05892	1.71212	2.85514	2.98754	206.0	40	11.0	10.63	8.1	7.73384	7.90123	7.52755	7.4737	11.0	10.0	10.0	1.0	9.0
952	0	2.524	0.0	0.0	10.588	4.128	-0.134	3.544	3.554	4.483	0.0	0	0	2	2	4	0	2.524	156.222	156.115	-2.611	218.815	11	10	16	16	27	26	0	6	0	0	0	0	0	18	1	1	8	2	8	2	11	11	183.5	0.143	372.307	0.133	321.736	0.81283	0.54545	72.1928	86.4386	298.618	623.625	1.2538	33.8526	2.91397	0.84232	78.2645	86.4386	380.141	8.52709	5.30806	3.7163	0.28867	2.4974	7.29962	4.02698	2.37488	0.05892	1.3648	3.08442	3.22459	206.0	40	11.0	10.37	8.1	7.47672	7.90123	7.26479	7.04851	11.0	10.0	10.0	1.0	9.0
975	0	1.72	9.518	0.985	10.758	0.0	-0.198	1.394	0.358	4.515	0.0	5	1	0	1	1	0	1.72	150.174	150.068	-2.066	180.54	11	11	10	10	21	21	6	3	6	1	1	1	1	12	6	0	7	4	4	1	9	11	157.9	0.166	333.991	0.148	293.718	0.72829	0.61408	90.8347	122.211	317.253	796.727	1.35666	28.4901	2.84535	0.82249	82.7686	98.1075	337.399	8.10444	5.32569	4.25315	0.49279	3.15737	6.41035	3.43428	2.2385	0.17677	1.41895	2.50608	2.60317	168.0	48	9.0909	7.95152	4.79289	3.8837	3.2653	2.51488	2.80739	11.0	11.0	13.0	2.0	14.0
981	0	2.632	10.138	1.269	10.779	0.0	-0.129	1.421	2.303	4.549	0.0	5	1	0	1	3	0	2.632	178.228	178.099	-2.974	223.327	13	13	14	14	27	27	6	5	6	1	1	1	1	16	6	0	9	4	6	1	11	13	189.83	0.138	383.55	0.129	334.741	0.74055	0.67345	114.009	147.207	508.088	630.919	1.29723	35.0252	3.02698	0.818	104.676	122.211	528.652	9.51866	6.32569	4.94835	0.49279	3.73096	7.82456	4.43428	2.91528	0.17677	1.91684	2.18966	2.25824	296.0	56	11.0769	9.93438	6.45333	5.48785	4.6875	3.85357	4.19373	13.0	13.0	15.0	2.0	16.0
987	0	2.176	9.895	1.169	10.762	0.0	-0.154	1.41	1.216	4.532	0.0	5	1	0	1	2	0	2.176	164.201	164.084	-2.498	201.934	12	12	12	12	24	24	6	4	6	1	1	1	1	14	6	0	8	4	5	1	10	12	173.86	0.151	358.77	0.138	314.23	0.71384	0.72957	102.337	134.606	407.52	982.221	1.32501	31.8003	2.85538	0.79649	93.6032	110.039	427.463	8.81155	5.82569	4.5948	0.49279	3.48938	7.11746	3.93428	2.56173	0.17677	1.68829	2.32395	2.40429	226.0	52	10.0833	8.94216	5.61224	4.67214	4.0	3.20521	3.48159	12.0	12.0	14.0	2.0	15.0
990	0	0.688	0.0	0.0	9.958	0.0	-0.158	3.136	0.468	4.26	0.0	0	0	0	2	1	0	0.687	88.1051	88.0524	-0.352	120.191	6	5	8	8	14	13	0	2	0	0	0	0	0	10	1	0	4	1	4	1	6	6	107.43	0.244	254.868	0.194	221.463	0.74209	0.66666	24.2738	33.2193	45.2675	105.07	1.37878	19.303	1.91829	0.74209	30.6866	33.2193	78.169	4.99156	2.80806	1.92166	0.28867	1.39384	4.0236	1.87715	0.92968	0.05892	0.51634	2.76473	3.06102	31.0	20	6.0	5.63	3.2	2.84598	3.0	2.63	2.67048	6.0	5.0	5.0	1.0	4.0
1039	0	1.6	0.0	0.0	10.348	0.0	-0.105	3.459	2.55	4.413	0.0	0	0	0	2	3	0	1.6	116.158	116.084	-1.216	162.978	8	7	12	12	20	19	0	4	0	0	0	0	0	14	1	0	6	1	6	1	8	8	139.36	0.188	304.427	0.162	262.487	0.91666	0.25	42.2929	53.303	117.637	254.646	1.29546	25.9092	2.75	0.91666	48.5042	53.303	168.865	6.40577	3.80806	2.65564	0.28867	1.7474	5.43781	2.87715	1.67968	0.05892	0.96212	2.83362	3.03913	76.0	28	8.0	7.63	5.14285	4.78082	5.0	4.63	4.55971	8.0	7.0	7.0	1.0	6.0
1082	0	2.864	0.0	0.0	10.322	3.967	-0.215	3.604	5.263	4.722	0.0	0	0	2	2	5	0	2.864	170.249	170.131	-3.233	240.208	12	11	18	18	30	29	0	7	0	0	0	0	0	20	1	1	9	2	9	2	12	12	198.89	0.132	397.086	0.124	342.247	0.83367	0.49999	82.7686	98.1075	384.911	787.499	1.23095	36.9288	3.08496	0.86052	88.8118	98.1075	477.124	9.2342	5.77005	4.30384	0.40824	2.38502	8.00673	4.55386	2.76977	0.08333	1.52383	2.98686	3.11995	277.0	44	12.0	11.37	9.0909	8.46643	11.1111	10.4895	8.02194	12.0	11.0	11.0	1.0	9.0
1086	0	3.174	0.0	0.0	10.356	0.0	-0.164	3.662	8.001	4.809	0.0	0	0	0	2	7	0	3.174	172.265	172.146	-3.312	248.551	12	11	20	20	32	31	0	8	0	0	0	0	0	22	1	0	10	1	10	1	12	12	202.64	0.129	403.547	0.122	344.534	0.63947	1.29248	82.7686	98.1075	384.911	787.499	1.19819	38.3421	2.29248	0.63947	88.8118	98.1075	477.124	9.2342	5.77005	4.30384	0.40824	2.38502	8.26624	4.90403	3.10781	0.08333	1.80321	2.76808	2.89181	277.0	44	12.0	11.63	9.0909	8.72407	11.1111	10.7459	8.45508	12.0	11.0	11.0	1.0	9.0
1088	0	4.297	0.0	0.0	10.956	0.0	-0.041	4.206	9.494	5.05	0.0	0	0	0	2	9	0	4.297	200.318	200.178	-4.008	291.337	14	13	24	24	38	37	0	10	0	0	0	0	0	26	1	0	12	1	12	1	14	14	234.46	0.112	453.107	0.109	385.557	0.59646	1.53641	104.676	122.211	569.684	630.919	1.16743	44.3626	2.27094	0.59646	110.675	122.211	684.01	10.6484	6.80806	4.80384	0.28867	3.08195	9.68045	5.96469	3.73823	0.05892	2.21506	2.91944	3.04592	428.0	52	14.0	13.63	11.0769	10.7092	11.0	10.63	10.4261	14.0	13.0	13.0	1.0	12.0
1090	0	5.666	0.0	0.0	11.319	0.0	-0.005	4.399	13.262	5.189	0.0	0	0	0	2	12	0	5.666	242.397	242.225	-5.472	355.517	17	16	30	30	47	46	0	13	0	0	0	0	0	32	1	0	15	1	15	1	17	17	282.36	0.093	527.446	0.093	447.092	0.50308	2.03113	139.152	160.0	936.739	630.919	1.13309	53.2556	2.05632	0.50308	145.108	160.0	467.0925	12.7697	8.30806	5.8645	0.28867	3.85095	11.8018	7.46469	4.79889	0.05892	2.99539	3.02041	3.13582	762.0	64	17.0	16.63	14.0625	13.694	13.9378	13.5663	13.3959	17.0	16.0	16.0	1.0	15.0
1091	0	4.303	0.0	0.0	11.055	0.0	-0.071	5.942	7.992	5.071	0.009	0	0	0	3	7	1	4.303	200.318	200.178	-3.953	291.337	14	13	24	24	38	37	0	9	0	0	0	0	0	27	1	0	12	1	12	1	13	14	236.07	0.111	443.414	0.111	377.094	0.6715	1.25069	109.466	134.606	558.786	630.919	1.16743	44.3626	2.55665	0.6715	110.675	122.211	673.112	10.8116	6.68073	5.13129	0.56903	3.40109	9.84359	5.8474	4.08996	0.33678	2.21361	2.9985	3.12758	417.0	54	14.0	13.63	9.55102	9.1954	9.37278	9.01334	8.95238	14.0	13.0	14.0	2.0	13.0
1092	0	4.549	0.0	0.0	11.166	0.0	-0.043	6.283	8.567	5.12	0.404	0	0	0	3	8	1	4.549	214.344	214.193	-4.274	312.731	15	14	26	26	41	40	0	10	0	0	0	0	0	29	1	0	13	1	13	1	14	15	252.15	0.104	468.194	0.105	397.606	0.70121	1.16731	121.02	147.207	669.002	630.919	1.15469	47.3425	2.73957	0.70121	121.951	134.606	794.713	11.5187	7.1639	5.64471	0.69692	3.17425	10.5507	6.32053	4.5862	0.46717	2.33585	3.03448	3.16099	512.0	58	15.0	14.63	10.5155	10.1581	11.929	11.5571	9.90756	15.0	14.0	15.0	2.0	13.0
1094	0	6.122	0.0	0.0	11.388	0.0	0.0	4.427	14.634	5.216	0.0	0	0	0	2	13	0	6.122	256.424	256.24	-5.994	376.91	18	17	32	32	50	49	0	14	0	0	0	0	0	34	1	0	16	1	16	1	18	18	298.32	0.088	552.226	0.089	467.604	0.47748	2.17884	151.02	172.974	384.911	630.919	1.12385	56.1928	1.99107	0.47748	156.964	172.974	467.0925	13.4768	8.80806	6.21805	0.28867	4.10095	12.5089	7.96469	5.15245	0.05892	3.24539	3.036	3.14593	906.0	68	18.0	17.63	15.0588	14.6901	15.0	14.63	14.3882	18.0	17.0	17.0	1.0	16.0
1095	0	4.873	9.731	1.019	11.525	0.0	-0.116	2.213	8.245	5.213	0.0	5	1	0	1	8	0	4.873	248.361	248.178	-5.276	330.293	18	18	24	24	42	42	6	10	6	1	1	1	1	26	6	0	14	4	11	1	16	18	268.97	0.097	507.45	0.097	437.3	0.6577	1.23692	174.706	212.877	384.911	630.919	1.20091	50.4382	2.93299	0.70336	163.056	186.117	467.0925	13.0542	8.82569	6.7549	0.49279	4.76092	11.3601	7.02182	4.65061	0.17677	2.95222	1.95462	2.02075	826.0	76	16.0556	14.9093	10.88	9.83692	8.70748	7.75142	8.14789	18.0	18.0	20.0	2.0	21.0
1096	0	3.841	0.0	0.0	10.724	0.0	-0.076	4.034	8.524	4.958	0.0	0	0	0	2	8	0	3.841	186.291	186.162	-3.601	269.944	13	12	22	22	35	34	0	9	0	0	0	0	0	24	1	0	11	1	11	1	13	13	218.49	0.12	428.327	0.115	365.045	0.63601	1.3469	93.6032	110.039	471.193	974.432	1.18181	41.3637	2.35353	0.63601	99.6227	110.039	574.347	9.9413	6.30806	4.42341	0.28867	2.9974	8.97335	5.46469	3.34179	0.05892	2.04961	2.85568	2.98221	346.0	48	13.0	12.63	10.0833	9.71598	9.91735	9.54477	9.43945	13.0	12.0	12.0	1.0	11.0
1121	0	2.876	0.0	0.0	10.35	8.222	-0.227	3.532	3.561	4.725	0.0	0	0	4	2	4	0	2.876	182.259	182.131	-3.595	253.258	13	12	18	18	31	30	0	7	0	0	0	0	0	20	1	2	9	3	9	3	13	13	211.1	0.124	415.406	0.119	360.473	0.69602	0.98114	93.6032	110.039	476.862	973.851	1.24089	38.4677	2.71929	0.73485	99.6227	110.039	580.016	9.9413	6.27005	4.65739	0.40824	2.63502	8.45432	4.70369	2.73099	0.08333	1.45185	3.12326	3.24602	354.0	48	13.0	12.11	10.0833	9.2	12.0	11.11	8.57016	13.0	12.0	12.0	1.0	10.0
1139	0	5.005	0.0	0.0	11.205	0.0	-0.041	6.303	9.985	5.141	0.404	0	0	0	3	9	1	5.005	228.371	228.209	-4.812	334.124	16	15	28	28	44	43	0	11	0	0	0	0	0	31	1	0	14	1	14	1	15	16	268.11	0.098	492.974	0.1	418.118	0.66169	1.35321	132.757	160.0	793.629	630.919	1.14332	50.3061	2.64678	0.66169	133.433	147.207	930.925	12.2258	7.6639	5.99827	0.69692	3.42425	11.2578	6.82053	4.93976	0.46717	2.58585	3.02721	3.14264	627.0	62	16.0	15.63	11.4844	11.1255	13.0	12.63	10.8682	16.0	15.0	16.0	2.0	14.0
1140	0	6.578	0.0	0.0	11.427	0.0	0.002	4.442	16.056	5.237	0.0	0	0	0	2	14	0	6.578	270.451	270.256	-6.532	398.304	19	18	34	34	53	52	0	15	0	0	0	0	0	36	1	0	17	1	17	1	19	19	314.29	0.083	577.006	0.085	488.116	0.45417	2.31861	163.056	186.117	384.911	630.919	1.11545	59.1192	1.9293	0.45417	168.99	186.117	467.0925	14.1839	9.30805	6.5716	0.28867	4.35095	13.216	8.46469	5.506	0.05892	3.49539	3.03753	3.14099	269.0	72	19.0	18.63	16.0556	15.6867	15.9446	15.5735	15.3812	19.0	18.0	18.0	1.0	17.0
1161	0	1.925	9.952	1.193	10.411	0.0	-0.217	1.421	1.263	4.806	0.0	5	1	0	1	2	0	1.925	164.201	164.084	-2.528	201.934	12	12	12	12	24	24	6	4	6	1	1	1	1	14	6	0	8	4	5	1	10	12	173.29	0.151	358.77	0.138	314.23	0.71384	0.72957	102.337	134.606	415.179	980.461	1.32501	31.8003	2.85538	0.79649	93.6032	110.039	434.872	8.81155	5.78769	4.82878	0.61237	3.11859	7.11746	3.96116	2.57564	0.20118	1.53888	2.22603	2.31161	233.0	52	10.0833	8.94216	5.61224	4.67214	4.59183	3.72348	3.48159	12.0	12.0	14.0	2.0	14.0
1163	0	3.59	19.02	1.772	11.612	0.0	-0.263	0.0	1.163	5.193	0.0	10	2	0	0	2	0	3.59	226.27	226.099	-4.161	262.283	17	18	14	14	31	32	12	5	12	2	2	2	2	16	11	0	11	7	5	1	13	17	223.28	0.117	437.893	0.113	386.484	0.55705	1.50057	185.697	240.215	384.911	630.919	1.27979	39.6737	2.58688	0.63288	156.739	186.117	976.253	11.9244	8.36017	6.81031	0.60649	5.45115	9.50421	5.62184	3.73754	0.24285	2.47621	1.77201	1.83112	614.0	80	13.4321	11.5523	7.43801	5.96692	4.63905	3.53798	4.05481	17.0	18.0	22.0	3.0	26.0
1164	0	3.048	10.028	1.205	11.011	0.0	-0.094	1.97	2.664	5.047	0.0	5	1	0	1	4	0	3.048	192.254	192.115	-3.208	244.72	14	14	16	16	30	30	6	6	6	1	1	1	1	18	6	0	10	4	7	1	12	14	205.1	0.128	408.33	0.121	355.253	0.71589	0.82212	125.845	160.0	615.064	630.919	1.2729	38.1872	2.98522	0.78406	115.968	134.606	637.214	10.2258	6.82569	5.32878	0.49279	3.81551	8.53167	5.02182	3.20606	0.17677	1.95073	2.12599	2.20919	372.0	60	12.0714	10.9278	7.3125	6.32593	5.48096	4.61569	4.93776	14.0	14.0	16.0	2.0	17.0
1167	0	3.961	10.076	1.211	11.285	0.0	-0.066	2.125	5.045	5.153	0.0	5	1	0	1	6	0	3.961	220.307	220.146	-4.151	287.507	16	16	20	20	36	36	6	8	6	1	1	1	1	22	6	0	12	4	9	1	14	16	237.04	0.11	457.89	0.108	396.277	0.6903	1.01654	149.984	186.117	868.196	630.919	1.23266	44.3758	2.98345	0.74586	139.152	160.0	891.406	11.64	7.82569	6.03589	0.49279	4.33451	9.94588	6.02182	3.91317	0.17677	2.48106	2.03041	2.10581	567.0	68	14.0625	12.9173	9.07407	8.05482	7.05817	6.14112	6.50293	16.0	16.0	18.0	2.0	19.0
1169	0	4.873	10.109	1.216	11.443	0.0	-0.054	2.192	7.711	5.213	0.0	5	1	0	1	8	0	4.873	248.361	248.178	-5.177	330.293	18	18	24	24	42	42	6	10	6	1	1	1	1	26	6	0	14	4	11	1	16	18	268.97	0.097	507.45	0.097	437.3	0.64705	1.28441	174.706	212.877	384.911	630.919	1.20091	50.4382	2.88551	0.69198	163.056	186.117	467.0925	13.0542	8.82569	6.743	0.49279	4.83451	11.3601	7.02182	4.62028	0.17677	2.98106	1.94977	2.0159	826.0	76	16.0556	14.9093	10.88	9.83692	8.70748	7.75142	8.14789	18.0	18.0	20.0	2.0	21.0
1170	0	3.624	19.656	2.173	11.58	0.0	-0.17	0.0	1.548	5.21	0.0	10	2	0	0	3	0	3.624	240.297	240.115	-4.502	283.676	18	19	16	16	34	35	12	6	12	2	2	2	2	18	11	0	12	7	6	1	14	18	239.61	0.109	462.673	0.107	406.996	0.56199	1.52832	198.669	254.084	384.911	630.919	1.26393	42.9737	2.6416	0.63348	168.967	199.421	467.0925	12.6315	8.84333	7.27985	0.69692	5.49448	10.2113	6.07895	4.11844	0.29462	2.68789	1.68514	1.73902	746.0	84	14.41	12.5249	8.22684	6.72004	5.68047	4.46592	4.676	18.0	19.0	23.0	3.0	26.0
1171	0	2.592	9.995	1.2	10.779	0.0	-0.129	1.796	1.734	4.956	0.0	5	1	0	1	3	0	2.592	178.228	178.099	-2.808	223.327	13	13	14	14	27	27	6	5	6	1	1	1	1	16	6	0	9	4	6	1	11	13	189.14	0.139	383.55	0.129	334.741	0.74055	0.67345	114.009	147.207	508.088	630.919	1.29723	35.0252	3.02698	0.818	104.676	122.211	528.652	9.51866	6.32569	4.94835	0.49279	3.73096	7.82456	4.52182	2.80962	0.17677	1.78528	2.17699	2.26237	296.0	56	11.0769	9.93438	6.45333	5.48785	4.6875	3.85357	4.19373	13.0	13.0	15.0	2.0	16.0
1181	0	1.597	8.978	0.592	10.39	0.0	-0.286	1.381	0.0	4.775	0.0	5	1	0	1	0	0	1.597	136.148	136.052	-1.739	159.147	10	10	8	8	18	18	6	2	6	1	1	1	1	10	6	0	6	4	3	1	8	10	139.3	0.188	309.211	0.16	273.206	0.69508	0.67548	79.504	110.039	245.961	630.919	1.39214	25.0587	2.64643	0.79665	72.1928	86.4386	265.108	7.39734	4.78769	4.13358	0.61237	2.52948	5.70324	3.02305	1.90669	0.15137	1.00478	2.57436	2.70681	126.0	44	8.1	6.96299	4.0	3.12889	3.11111	2.33172	2.17864	10.0	10.0	12.0	2.0	12.0
1205	0	4.514	19.896	2.261	11.518	3.233	-0.29	0.0	2.22	5.159	0.0	10	2	2	0	3	0	4.514	266.334	266.131	-5.63	318.119	20	21	18	18	38	39	12	7	12	2	2	2	2	20	11	1	13	8	7	2	16	20	267.27	0.098	505.772	0.097	445.733	0.58593	1.47548	224.92	282.193	384.911	630.919	1.24484	47.3039	2.84643	0.6586	193.859	226.477	467.0925	14.0458	9.84333	7.97505	0.69692	6.07649	11.366	6.78252	4.50066	0.26218	2.90837	1.63202	1.6794	269.0	92	16.3719	14.224	9.84959	8.07571	7.02551	5.55703	5.74344	20.0	21.0	25.0	3.0	28.0
1207	0	4.417	10.279	1.3	11.306	0.0	-0.05	2.13	6.194	5.171	0.0	5	1	0	1	7	0	4.417	234.334	234.162	-4.64	308.9	17	17	22	22	39	39	6	9	6	1	1	1	1	24	6	0	13	4	10	1	15	17	253.0	0.103	482.67	0.102	416.788	0.66931	1.14763	162.275	199.421	384.911	630.919	1.21589	47.4198	2.93982	0.71923	151.02	172.974	467.0925	12.3471	8.32569	6.38944	0.49279	4.58451	10.653	6.52182	4.26672	0.17677	2.70011	1.96971	2.0375	692.0	72	15.0588	13.9131	9.97229	8.94024	7.84	6.90096	7.31685	17.0	17.0	19.0	2.0	20.0
1209	0	3.756	10.248	1.293	11.242	0.0	-0.081	4.038	2.912	5.135	0.376	5	1	0	2	4	1	3.756	220.307	220.146	-3.97	287.507	16	16	20	20	36	36	6	7	6	1	1	1	1	23	6	0	12	4	9	1	13	16	238.76	0.11	448.197	0.11	387.814	0.74106	0.79718	155.115	199.421	852.889	630.919	1.23266	44.3758	3.20281	0.8007	139.152	160.0	878.71	11.8031	7.68154	6.52321	0.90104	4.15781	10.109	5.87766	4.40759	0.58502	2.29057	2.04973	2.12159	559.0	70	14.0625	12.9173	8.14404	7.1776	7.05817	6.14112	5.79472	16.0	16.0	19.0	3.0	19.0
1210	0	3.048	10.212	1.291	10.8	0.0	-0.113	1.805	2.861	4.973	0.0	5	1	0	1	4	0	3.048	192.254	192.115	-3.292	244.72	14	14	16	16	30	30	6	6	6	1	1	1	1	18	6	0	10	4	7	1	12	14	205.1	0.128	408.33	0.121	355.253	0.72882	0.7682	125.845	160.0	620.025	630.919	1.2729	38.1872	3.03914	0.79823	115.968	134.606	641.168	10.2258	6.82569	5.30191	0.49279	3.98096	8.53167	5.02182	3.16317	0.17677	2.00433	2.07788	2.15125	379.0	60	12.0714	10.9278	7.3125	6.32593	5.48096	4.61569	4.93776	14.0	14.0	16.0	2.0	17.0
1240	0	2.557	9.011	0.616	11.181	0.0	-0.239	1.97	1.353	4.938	0.0	5	1	0	1	2	0	2.557	164.201	164.084	-2.416	201.934	12	12	12	12	24	24	6	4	6	1	1	1	1	14	6	0	8	4	5	1	10	12	172.8	0.152	358.77	0.138	314.23	0.75551	0.5629	102.337	134.606	398.78	983.693	1.32501	31.8003	3.02205	0.84298	93.6032	110.039	421.426	8.81155	5.84253	4.5176	0.40236	3.46758	7.11746	4.06471	2.50194	0.125	1.44677	2.45516	2.56707	218.0	52	10.0833	8.94216	5.61224	4.67214	3.51562	2.78806	3.48159	12.0	12.0	14.0	2.0	16.0
1241	0	2.016	0.0	0.0	10.579	0.0	-0.07	3.95	2.913	4.792	0.0	0	0	0	2	4	0	2.016	130.185	130.099	-1.473	184.371	9	8	14	14	23	22	0	5	0	0	0	0	0	16	1	0	7	1	7	1	9	9	154.63	0.17	329.207	0.15	282.998	0.78969	0.66666	51.9218	64.0	165.677	358.201	1.26467	29.0875	2.50325	0.78969	58.0739	64.0	226.676	7.11288	4.30806	3.03607	0.28867	1.83195	6.14492	3.46469	1.97047	0.05892	0.92129	2.89853	3.1144	108.0	32	9.0	8.63	6.125	5.76106	5.87755	5.50192	5.52421	9.0	8.0	8.0	1.0	7.0
1242	0	3.025	9.66	1.0	11.066	3.197	-0.282	1.966	1.336	4.887	0.0	5	1	2	1	2	0	3.025	190.238	190.099	-3.409	236.377	14	14	14	14	28	28	6	5	6	1	1	1	1	16	6	1	9	5	6	2	12	14	200.83	0.13	401.87	0.123	352.967	0.74907	0.62534	125.845	160.0	612.444	630.919	1.29583	36.2834	3.182	0.83575	115.968	134.606	634.663	10.2258	6.82569	5.32878	0.49279	3.84293	8.27216	4.72539	2.91151	0.14433	1.65988	2.37233	2.45964	367.0	60	12.0714	10.6694	7.3125	6.10611	5.48096	4.42505	4.65348	14.0	14.0	16.0	2.0	17.0
1248	0	3.385	0.0	0.0	10.942	0.0	-0.035	4.166	6.659	4.932	0.0	0	0	0	2	7	0	3.385	172.265	172.146	-2.935	248.551	12	11	20	20	32	31	0	8	0	0	0	0	0	22	1	0	10	1	10	1	12	12	202.53	0.129	403.547	0.122	344.534	0.67456	1.16666	82.7686	98.1075	373.775	789.586	1.19819	38.3421	2.41829	0.67456	88.8118	98.1075	465.989	9.2342	5.80806	4.09673	0.28867	2.60095	8.26624	4.96469	3.03113	0.05892	1.70162	2.96898	3.12113	262.0	44	12.0	11.63	9.0909	8.72407	9.0	8.63	8.45508	12.0	11.0	11.0	1.0	10.0
1249	0	2.929	0.0	0.0	10.854	0.0	-0.042	4.121	5.332	4.898	0.0	0	0	0	2	6	0	2.929	158.238	158.131	-2.425	227.158	11	10	18	18	29	28	0	7	0	0	0	0	0	20	1	0	9	1	9	1	11	11	186.56	0.14	378.767	0.13	324.022	0.71737	0.97771	72.1928	86.4386	293.637	624.943	1.21701	35.2935	2.48171	0.71737	78.2645	86.4386	375.161	8.52709	5.30806	3.74318	0.28867	2.35095	7.55913	4.46469	2.67757	0.05892	1.45162	2.96056	3.13152	200.0	40	11.0	10.63	8.1	7.73384	7.90123	7.52755	7.4737	11.0	10.0	10.0	1.0	9.0
1252	0	2.022	0.0	0.0	10.679	0.0	-0.101	5.642	1.453	4.813	0.01	0	0	0	3	2	1	2.023	130.185	130.099	-1.422	184.371	9	8	14	14	23	22	0	4	0	0	0	0	0	17	1	0	7	1	7	1	8	9	156.24	0.168	319.515	0.154	274.536	0.92989	0.22222	54.8575	75.0586	155.722	358.726	1.26467	29.0875	2.9477	0.92989	58.0739	64.0	216.721	7.27602	4.18073	3.36352	0.56903	2.15109	6.30806	3.3474	2.32219	0.33678	0.91984	3.10307	3.3317	102.0	34	9.0	8.63	4.8395	4.50329	4.5	4.15424	4.31815	9.0	8.0	9.0	2.0	8.0
1258	0	2.592	9.617	1.003	11.149	0.0	-0.146	1.981	1.77	4.956	0.0	5	1	0	1	3	0	2.592	178.228	178.099	-2.763	223.327	13	13	14	14	27	27	6	5	6	1	1	1	1	16	6	0	9	4	6	1	11	13	189.14	0.139	383.55	0.129	334.741	0.77819	0.5196	114.009	147.207	500.044	630.919	1.29723	35.0252	3.18083	0.85958	104.676	122.211	522.435	9.51866	6.32569	4.98713	0.49279	3.51092	7.82456	4.52182	2.88284	0.17677	1.65846	2.29692	2.39045	286.0	56	11.0769	9.93438	6.45333	5.48785	4.6875	3.85357	4.19373	13.0	13.0	15.0	2.0	16.0
1317	0	2.083	7.419	1.613	10.543	0.0	-0.279	3.296	0.0	4.906	0.0	4	2	0	2	0	0	2.083	150.174	150.068	-2.207	180.54	11	11	10	10	21	21	6	2	6	1	1	1	1	13	6	0	7	4	4	1	11	11	158.68	0.165	328.706	0.15	289.119	0.74585	0.54545	94.4347	134.606	294.71	799.625	1.35666	28.4901	2.91397	0.84232	82.7686	98.1075	320.015	8.26758	5.19837	4.65136	0.81061	3.06327	6.62589	3.43972	2.35914	0.28659	1.34727	2.76261	2.88838	158.0	50	9.0909	7.95152	4.13265	3.30275	2.84444	2.16483	2.38744	11.0	11.0	14.0	3.0	15.0
1318	0	2.083	7.351	1.753	10.475	0.0	-0.284	3.372	0.0	4.83	0.0	4	2	0	2	0	0	2.083	150.174	150.068	-2.248	180.54	11	11	10	10	21	21	6	2	6	1	1	1	1	13	6	0	7	4	4	1	9	11	158.71	0.165	328.706	0.15	289.119	0.65278	0.90909	94.4347	134.606	313.183	796.307	1.35666	28.4901	2.55034	0.73721	82.7686	98.1075	337.778	8.26758	5.18154	4.75544	0.90104	2.94016	6.62589	3.43373	2.40669	0.31804	1.28256	2.64721	2.76534	166.0	50	9.0909	7.95152	4.13265	3.30275	3.2653	2.51488	2.38744	11.0	11.0	14.0	3.0	14.0
1320	0	3.213	7.441	1.772	11.174	0.0	-0.191	5.626	0.0	5.091	-0.083	4	2	0	3	0	1	3.213	178.228	178.099	-2.903	223.327	13	13	14	14	27	27	6	3	6	1	1	1	1	18	6	0	9	4	6	1	10	13	192.14	0.136	368.573	0.134	321.68	0.71712	0.76923	122.405	172.974	472.159	630.919	1.29723	35.0252	2.9312	0.79212	104.676	122.211	502.071	9.84493	6.09222	5.5829	1.06183	3.97861	8.20324	4.37711	3.38885	0.57149	1.71083	2.5625	2.67335	268.0	60	11.0769	9.93438	5.02422	4.19028	3.7037	2.99306	3.20214	13.0	13.0	17.0	4.0	18.0
1321	0	3.213	7.496	1.636	11.242	0.0	-0.186	5.559	0.0	5.167	-0.084	4	2	0	3	0	1	3.213	178.228	178.099	-2.863	223.327	13	13	14	14	27	27	6	3	6	1	1	1	1	18	6	0	9	4	6	1	12	13	192.11	0.136	368.573	0.134	321.68	0.79239	0.46153	122.405	172.974	449.77	630.919	1.29723	35.0252	3.2389	0.87527	104.676	122.211	479.243	9.84493	6.10906	5.47882	0.9714	4.10172	8.20324	4.38309	3.34129	0.54005	1.77554	2.65992	2.77627	256.0	60	11.0769	9.93438	5.02422	4.19028	3.32409	2.6671	3.20214	13.0	13.0	17.0	4.0	19.0
1322	0	6.856	7.62	1.829	11.682	0.0	-0.11	4.267	11.907	5.302	0.0	4	2	0	2	10	0	6.856	290.44	290.225	-7.013	394.473	21	21	30	30	51	51	6	12	6	1	1	1	1	33	6	0	17	4	14	1	19	21	318.26	0.082	576.505	0.085	494.236	0.61769	1.5238	218.92	268.078	384.911	630.919	1.16424	59.3764	2.8685	0.65307	200.089	226.477	467.0925	15.3386	10.2195	8.08387	0.78147	5.6716	13.697	8.4944	5.86555	0.29363	3.73712	1.9314	1.98473	269.0	90	19.0476	17.9004	12.5347	11.5031	10.368	9.4088	9.80524	21.0	21.0	24.0	3.0	25.0
1323	0	3.458	7.483	1.787	11.285	0.0	-0.164	5.992	0.466	5.141	0.34	4	2	0	3	1	1	3.458	192.254	192.115	-3.202	244.72	14	14	16	16	30	30	6	4	6	1	1	1	1	20	6	0	10	4	7	1	11	14	208.22	0.126	393.353	0.125	342.191	0.74175	0.71428	134.857	186.117	579.394	630.919	1.2729	38.1872	3.09306	0.81239	115.968	134.606	610.729	10.552	6.57538	6.09632	1.18972	3.7449	8.91035	4.85024	3.88509	0.70188	1.82758	2.44333	2.54533	342.0	64	12.0714	10.9278	5.77777	4.91335	4.88888	4.08409	3.83516	14.0	14.0	18.0	4.0	18.0
1324	0	5.031	7.571	1.818	11.507	0.0	-0.12	4.199	6.285	5.236	0.0	4	2	0	2	6	0	5.031	234.334	234.162	-4.872	308.9	17	17	22	22	39	39	6	8	6	1	1	1	1	25	6	0	13	4	10	1	15	17	254.39	0.103	477.385	0.103	412.189	0.71631	0.94117	167.636	212.877	994.513	630.919	1.21589	47.4198	3.14628	0.76974	151.02	172.974	467.0925	12.5102	8.21954	6.66966	0.78147	4.6716	10.8685	6.4944	4.45133	0.29363	2.73712	2.12634	2.20184	666.0	74	15.0588	13.9131	9.0	8.01684	7.11111	6.22317	6.56112	17.0	17.0	20.0	3.0	21.0
1325	0	3.782	17.025	2.702	11.644	0.0	-0.236	1.995	0.3	5.234	0.0	9	3	0	1	1	0	3.782	226.27	226.099	-4.228	262.283	17	18	14	14	31	32	12	4	12	2	2	2	2	17	11	0	11	7	5	1	13	17	225.04	0.116	432.609	0.114	381.885	0.57282	1.42733	190.962	254.084	384.911	630.919	1.27979	39.6737	2.66012	0.6508	156.739	186.117	964.943	12.0876	8.23718	7.20651	0.98559	5.33157	9.71975	5.55152	3.94949	0.41148	2.44395	1.91014	1.97396	592.0	82	13.4321	11.5523	6.80529	5.41397	4.63905	3.53798	3.67905	17.0	18.0	23.0	4.0	26.0
1752	1	1.899	7.419	1.59	10.716	3.17	-0.303	0.0	0.0	4.906	0.0	4	2	2	0	0	0	1.899	146.143	146.037	-2.016	150.609	11	12	6	6	17	18	11	0	6	2	1	1	2	7	7	1	7	5	4	2	11	11	133.31	0.197	308.139	0.16	276.077	0.7129	0.54545	110.045	160.0	337.642	992.103	1.37928	23.4478	2.91397	0.84232	86.9518	110.039	304.484	7.68179	5.36017	4.72284	0.622	3.80187	5.78059	3.3504	2.29225	0.19037	1.52853	2.4622	2.55956	144.0	56	7.63888	6.30976	3.16406	2.32469	1.6	1.07945	1.33348	11.0	12.0	16.0	3.0	20.0
1885	1	2.034	8.955	0.605	11.022	0.0	-0.257	1.792	0.424	4.788	0.0	5	1	0	1	1	0	2.034	150.174	150.068	-2.011	180.54	11	11	10	10	21	21	6	3	6	1	1	1	1	12	6	0	7	4	4	1	9	11	156.84	0.167	333.991	0.148	293.718	0.72829	0.61408	90.8347	122.211	311.499	797.641	1.35666	28.4901	2.84535	0.82249	82.7686	98.1075	333.183	8.10444	5.34253	4.16404	0.40236	3.19858	6.41035	3.56471	2.08649	0.125	1.28492	2.60318	2.72229	164.0	48	9.0909	7.95152	4.79289	3.8837	2.84444	2.16483	2.80739	11.0	11.0	13.0	2.0	15.0
1910	1	1.553	7.051	1.486	10.804	0.0	0.076	3.143	0.0	4.937	0.0	4	2	0	2	0	0	1.553	150.174	150.068	-2.04	180.54	11	11	10	10	21	21	6	2	6	1	1	1	1	13	6	0	7	4	4	1	9	11	160.98	0.163	328.706	0.15	289.119	0.69931	0.72727	94.4347	134.606	305.499	797.25	1.35666	28.4901	2.73215	0.78977	82.7686	98.1075	332.694	8.26758	5.23638	4.43307	0.70412	3.41157	6.62589	3.38786	2.28468	0.25343	1.49654	2.83514	2.93945	162.0	50	9.0909	7.95152	4.13265	3.30275	2.5	1.88309	2.38744	11.0	11.0	14.0	3.0	16.0
1912	1	2.069	9.574	0.996	10.99	0.0	-0.164	1.808	0.819	4.806	0.0	5	1	0	1	2	0	2.069	164.201	164.084	-2.354	201.934	12	12	12	12	24	24	6	4	6	1	1	1	1	14	6	0	8	4	5	1	10	12	173.17	0.151	358.77	0.138	314.23	0.75551	0.5629	102.337	134.606	401.972	983.508	1.32501	31.8003	3.02205	0.84298	93.6032	110.039	423.798	8.81155	5.82569	4.63358	0.49279	3.24192	7.11746	4.02182	2.46739	0.17677	1.49661	2.3988	2.49542	221.0	52	10.0833	8.94216	5.61224	4.67214	4.0	3.20521	3.48159	12.0	12.0	14.0	2.0	15.0
1918	1	1.212	0.0	0.0	10.125	0.0	-0.196	5.424	0.537	4.664	0.443	0	0	0	3	1	1	1.212	116.158	116.084	-1.043	162.978	8	7	12	12	20	19	0	3	0	0	0	0	0	15	1	0	6	1	6	1	7	8	140.5	0.187	294.735	0.168	254.024	0.91666	0.25	44.6558	64.0	110.25	254.655	1.29546	25.9092	2.75	0.91666	48.5042	53.303	161.478	6.56891	3.62589	3.36504	0.81649	1.32136	5.60095	2.75987	2.19643	0.49158	0.61992	2.87725	3.10643	74.0	30	8.0	7.63	3.9375	3.60978	7.19999	6.84598	3.44283	8.0	7.0	8.0	2.0	5.0
1920	1	1.604	9.597	1.016	10.394	0.0	-0.242	1.405	0.371	4.788	0.0	5	1	0	1	1	0	1.604	150.174	150.068	-2.087	180.54	11	11	10	10	21	21	6	3	6	1	1	1	1	12	6	0	7	4	4	1	9	11	157.32	0.167	333.991	0.148	293.718	0.68175	0.79589	90.8347	122.211	325.579	794.922	1.35666	28.4901	2.66353	0.76993	82.7686	98.1075	344.546	8.10444	5.28769	4.47523	0.61237	2.87701	6.41035	3.46116	2.26585	0.20118	1.28492	2.37459	2.47859	174.0	48	9.0909	7.95152	4.79289	3.8837	3.78698	2.95724	2.80739	11.0	11.0	13.0	2.0	13.0
1923	1	2.262	0.0	0.0	10.254	0.0	-0.17	3.602	5.23	4.749	0.0	0	0	0	2	5	0	2.262	144.211	144.115	-2.256	205.764	10	9	16	16	26	25	0	6	0	0	0	0	0	18	1	0	8	1	8	1	10	10	170.71	0.154	353.987	0.139	303.51	0.75917	0.79999	61.9006	75.0586	232.888	479.463	1.2389	32.2114	2.52192	0.75917	68.0077	75.0586	303.997	7.81999	4.77005	3.59673	0.40824	1.88502	6.85203	3.90403	2.4007	0.08333	1.30321	2.71871	2.87768	158.0	36	10.0	9.63	7.11111	6.74587	9.14285	8.78083	6.49627	10.0	9.0	9.0	1.0	7.0
1925	1	1.879	0.0	0.0	10.494	0.0	-0.108	5.827	1.027	4.813	0.444	0	0	0	3	2	1	1.879	130.185	130.099	-1.328	184.371	9	8	14	14	23	22	0	4	0	0	0	0	0	17	1	0	7	1	7	1	8	9	156.36	0.168	319.515	0.154	274.536	0.92989	0.22222	54.8575	75.0586	157.2	358.545	1.26467	29.0875	2.9477	0.92989	58.0739	64.0	218.198	7.27602	4.1639	3.48461	0.69692	1.93373	6.30806	3.32053	2.43041	0.46717	0.86632	3.00294	3.22291	104.0	34	9.0	8.63	4.8395	4.50329	5.87755	5.50192	4.31815	9.0	8.0	9.0	2.0	7.0
1929	1	1.414	0.0	0.0	10.399	0.0	-0.125	5.464	0.47	4.76	0.029	0	0	0	3	1	1	1.414	116.158	116.084	-1.006	162.978	8	7	12	12	20	19	0	3	0	0	0	0	0	15	1	0	6	1	6	1	7	8	139.72	0.188	294.735	0.168	254.024	0.91666	0.25	44.6558	64.0	107.23	255.888	1.29546	25.9092	2.75	0.91666	48.5042	53.303	158.458	6.56891	3.6639	3.14296	0.69692	1.57069	5.60095	2.85931	1.89216	0.29462	0.65582	3.05237	3.30858	71.0	30	8.0	7.63	3.9375	3.60978	5.0	4.63	3.44283	8.0	7.0	8.0	2.0	6.0
1954	1	2.386	5.717	2.777	10.801	3.204	-0.3	2.004	0.0	4.961	0.0	3	3	2	1	0	0	2.386	160.169	160.052	-2.529	172.003	12	13	8	8	20	21	11	0	6	2	1	1	2	10	7	1	8	5	5	2	12	12	152.72	0.172	327.634	0.151	291.989	0.77978	0.33333	126.279	186.117	414.438	630.919	1.36096	27.2193	3.25162	0.90701	98.1059	122.211	381.663	8.55204	5.75402	5.3566	0.91068	4.13741	6.70324	3.76108	2.79571	0.35703	1.77481	2.46937	2.55645	186.0	62	8.59171	7.25047	3.39506	2.57105	1.8595	1.32103	1.55344	12.0	13.0	18.0	4.0	22.0
1958	1	3.055	10.009	1.198	11.11	0.0	-0.125	3.676	1.264	5.068	-0.037	5	1	0	2	2	1	3.055	192.254	192.115	-3.176	244.72	14	14	16	16	30	30	6	5	6	1	1	1	1	19	6	0	10	4	7	1	11	14	206.72	0.127	398.638	0.124	346.791	0.72882	0.7682	130.454	172.974	598.167	630.919	1.2729	38.1872	3.03914	0.79823	115.968	134.606	621.76	10.3889	6.69837	5.65624	0.77315	4.13465	8.69481	4.90453	3.55779	0.45463	1.94928	2.19318	2.27848	361.0	62	12.0714	10.9278	6.4775	5.55289	4.88888	4.08409	4.33435	14.0	14.0	17.0	3.0	18.0
1959	1	3.511	10.223	1.289	11.131	0.0	-0.109	3.693	2.375	5.086	-0.027	5	1	0	2	3	1	3.511	206.281	206.131	-3.657	266.113	15	15	18	18	33	33	6	6	6	1	1	1	1	21	6	0	11	4	8	1	12	15	222.68	0.118	423.417	0.116	367.302	0.71954	0.85032	142.72	186.117	721.329	630.919	1.25153	41.3006	3.05656	0.78235	127.465	147.207	745.432	11.096	7.19837	6.00979	0.77315	4.38465	9.40191	5.40453	3.91134	0.45463	2.16833	2.0948	2.16882	456.0	66	13.0667	11.9222	7.30246	6.35535	5.58448	4.74773	5.05132	15.0	15.0	18.0	3.0	19.0
1962	1	1.56	0.0	0.0	10.348	0.0	-0.105	3.764	1.956	4.701	0.0	0	0	0	2	3	0	1.56	116.158	116.084	-1.067	162.978	8	7	12	12	20	19	0	4	0	0	0	0	0	14	1	0	6	1	6	1	8	8	138.67	0.189	304.427	0.162	262.487	0.91666	0.25	42.2929	53.303	117.637	254.646	1.29546	25.9092	2.75	0.91666	48.5042	53.303	168.865	6.40577	3.80806	2.65564	0.28867	1.7474	5.43781	2.96469	1.57402	0.05892	0.75584	2.80898	3.04717	76.0	28	8.0	7.63	5.14285	4.78082	5.0	4.63	4.55971	8.0	7.0	7.0	1.0	6.0
1963	1	0.893	0.0	0.0	9.98	0.0	-0.193	3.373	1.453	4.552	0.0	0	0	0	2	2	0	0.893	102.132	102.068	-0.78	141.585	7	6	10	10	17	16	0	3	0	0	0	0	0	12	1	0	5	1	5	1	7	7	122.82	0.214	279.648	0.177	241.975	1.0	-1e-05	33.0587	43.0196	80.0782	169.915	1.33282	22.6579	2.80735	1.0	39.3515	43.0196	121.92	5.69867	3.27005	2.53607	0.40824	1.13502	4.73071	2.40403	1.34004	0.08333	0.50944	2.63092	2.88423	52.0	24	7.0	6.63	4.16666	3.80762	6.0	5.63	3.60636	7.0	6.0	6.0	1.0	4.0
1969	1	3.3	10.039	1.203	11.221	0.0	-0.097	4.024	1.786	5.117	0.369	5	1	0	2	3	1	3.3	206.281	206.131	-3.487	266.113	15	15	18	18	33	33	6	6	6	1	1	1	1	21	6	0	11	4	8	1	12	15	222.79	0.118	423.417	0.116	367.302	0.75093	0.71699	142.72	186.117	718.177	630.919	1.25153	41.3006	3.18989	0.81648	127.465	147.207	743.6	11.096	7.18154	6.16966	0.90104	3.90781	9.40191	5.37766	4.05403	0.58502	2.07152	2.13183	2.2133	450.0	66	13.0667	11.9222	7.30246	6.35535	6.22222	5.32798	5.05132	15.0	15.0	18.0	3.0	18.0
1973	1	3.63	0.0	0.0	10.395	0.0	-0.162	3.682	9.419	4.83	0.0	0	0	0	2	8	0	3.63	186.291	186.162	-3.849	269.944	13	12	22	22	35	34	0	9	0	0	0	0	0	24	1	0	11	1	11	1	13	13	218.61	0.12	428.327	0.115	365.045	0.59149	1.51165	93.6032	110.039	476.862	973.851	1.18181	41.3637	2.18878	0.59149	99.6227	110.039	580.016	9.9413	6.27005	4.65739	0.40824	2.63502	8.97335	5.40402	3.46136	0.08333	2.05321	2.78926	2.90019	354.0	48	13.0	12.63	10.0833	9.71598	12.0	11.63	9.43945	13.0	12.0	12.0	1.0	10.0
1976	1	2.268	0.0	0.0	10.79	0.0	-0.073	6.003	2.009	4.863	0.406	0	0	0	3	3	1	2.268	144.211	144.115	-1.741	205.764	10	9	16	16	26	25	0	5	0	0	0	0	0	19	1	0	8	1	8	1	9	10	172.32	0.152	344.295	0.143	295.048	0.93979	0.19999	65.3143	86.4386	213.831	482.079	1.2389	32.2114	3.12192	0.93979	68.0077	75.0586	284.94	7.98312	4.6639	3.87694	0.69692	1.92425	7.01516	3.82053	2.81844	0.46717	1.04208	3.10493	3.30635	142.0	38	10.0	9.63	5.76	5.4176	7.0	6.63	5.21715	10.0	9.0	10.0	2.0	8.0
1980	1	2.382	10.179	1.286	10.432	0.0	-0.201	1.433	2.376	4.824	0.0	5	1	0	1	3	0	2.382	178.228	178.099	-3.011	223.327	13	13	14	14	27	27	6	5	6	1	1	1	1	16	6	0	9	4	6	1	11	13	189.25	0.138	383.55	0.129	334.741	0.70291	0.82729	114.009	147.207	515.94	630.919	1.29723	35.0252	2.87314	0.77643	104.676	122.211	536.302	9.51866	6.28769	5.18233	0.61237	3.36859	7.82456	4.46116	2.92919	0.20118	1.75793	2.11379	2.1865	304.0	56	11.0769	9.93438	6.45333	5.48785	5.33333	4.43013	4.19373	13.0	13.0	15.0	2.0	15.0
